x,y,prediction
-117.75218,-44.765297,0
3.2233713,94.65508,1
-80.08716,-69.56336,2
-75.59356,65.00905,3
15.9573965,125.094986,4
2.753329,23.100075,5
54.782387,-74.2604,6
79.69059,-6.9318714,-1
47.949326,52.3179,7
47.069653,56.157433,7
-37.42428,97.14441,151
26.163897,-69.46713,8
-14.199804,-82.385544,-1
26.280573,-39.530334,115
-52.68796,63.068027,-1
49.48497,11.955601,159
-18.966187,-6.0665293,9
-12.975243,-71.34678,-1
-84.10608,43.928066,10
2.7992055,40.679348,11
13.931206,-130.06409,12
-30.108143,117.68854,13
-57.624985,-62.116287,14
17.878286,114.18387,15
83.28612,-59.971104,16
-86.02239,34.04511,10
31.181198,-83.68917,17
-22.401098,-91.83613,-1
11.201333,-7.702948,-1
-50.558353,38.203255,-1
46.479034,55.42872,7
49.814514,57.58438,7
37.505848,-12.923527,-1
-29.426306,59.289036,18
6.5187793,-100.85228,108
113.928986,-42.53249,-1
-47.10974,-7.4141083,98
-14.632042,51.38325,-1
-80.61159,67.83672,-1
-88.16285,-0.9290539,-1
10.139657,-68.2706,-1
-26.134417,-68.25683,-1
123.15517,-36.4395,19
-62.916718,32.664314,20
56.543877,-49.56754,-1
49.313435,55.650394,7
-84.76223,-90.05405,21
55.277676,-55.06156,55
-46.925358,5.610399,22
-43.920296,-82.23962,23
91.155754,5.490394,24
-46.71746,8.613584,22
-7.7890186,7.1057944,25
-43.11507,67.264755,-1
84.91378,-24.405678,-1
-13.99744,22.200567,26
-28.08636,38.075825,27
32.22173,-56.48306,28
121.838196,-35.80238,19
-50.091087,-63.285732,-1
-98.75352,13.745357,29
-81.150826,57.56403,30
-26.20668,-23.100473,-1
-48.551094,-119.96107,31
-94.12217,-43.58983,32
53.84173,-114.559586,-1
-50.661175,38.319183,-1
76.78566,-96.64061,33
-14.338936,-109.43169,-1
-117.48942,16.00791,34
86.87398,-45.385582,58
-32.25692,70.16371,-1
-72.66484,-34.57235,35
111.42225,42.642834,36
-43.730434,16.467247,153
38.637833,101.398636,37
92.31251,-75.220924,38
12.796194,-0.5711044,39
27.542946,17.828997,40
20.929916,118.08827,-1
49.72449,56.478897,7
-36.405846,-86.27572,23
9.1374445,-76.5009,89
51.381973,52.660225,7
-1.9122558,-53.41884,41
-51.96003,6.18228,-1
-19.473782,-6.0309205,9
-52.53586,52.38427,-1
-84.090904,-26.31373,-1
-44.99397,-34.217506,42
-24.942957,45.424297,-1
-48.59653,99.23647,43
-123.33928,30.25292,44
-73.34785,-23.718538,45
-69.668076,77.199104,46
-80.44773,-1.375836,-1
47.145287,52.80088,7
-62.454044,-68.26202,47
-27.662937,-79.40437,48
-72.47955,93.50516,-1
34.949917,-1.9524302,-1
-2.4205985,-2.7166576,-1
113.82469,41.067547,36
27.919909,4.8050528,-1
-59.755413,90.87891,-1
73.00247,17.15641,49
122.67285,-9.553163,50
-102.53653,-23.85266,51
49.785088,52.506237,7
-89.48581,-35.01551,-1
-65.648735,75.42973,52
-64.576805,14.293928,-1
-100.88587,-27.88648,51
-8.48649,39.049953,-1
-49.722786,-41.958763,-1
-114.323845,24.44618,-1
-72.86821,-73.7234,53
-74.649216,13.11587,54
-77.66299,13.126702,54
50.615757,-97.36899,-1
27.272469,17.84674,40
57.044044,-61.04399,55
-4.061343,-71.71226,56
55.25014,-55.12832,55
48.79419,52.96702,7
55.45391,-118.698975,57
81.75013,-39.099556,58
37.749287,-112.53553,59
66.32825,97.8111,60
57.279575,12.186428,61
-126.91342,-33.095325,62
47.968372,53.319332,7
-16.765985,-99.5458,63
-25.221575,-76.18178,48
-36.35166,-86.28535,23
-38.504536,-56.328327,-1
45.59407,53.015102,7
123.56399,-8.851058,50
-47.439865,-71.47041,-1
108.51411,11.192711,-1
-98.64189,-29.25026,51
-13.287346,-71.34375,-1
-69.85903,70.242294,46
-122.85439,21.161535,-1
-101.09012,-12.38296,64
-62.05102,31.380602,20
49.865784,51.4168,7
-59.774654,-88.18426,65
-28.099232,97.43164,66
20.318644,-83.07229,67
-53.016487,94.65288,161
49.205967,54.594776,7
-62.944286,32.562088,20
-102.44997,-37.018192,51
47.007442,51.639107,7
-37.711956,72.4674,68
-73.62633,-20.646782,45
103.02332,-63.188,69
-82.26461,89.326004,70
-70.69018,73.83885,46
7.2218847,75.458565,71
-13.586256,-96.40521,63
-112.43261,-7.265485,72
-53.11126,62.980686,-1
3.652648,23.066664,5
-7.6954317,22.749325,-1
-51.404423,81.85354,111
30.158579,-54.227116,28
-38.65804,52.545258,73
45.61792,-20.717327,-1
-65.3923,-46.438927,35
-2.194677,-76.33588,74
27.099026,17.47342,40
-69.19636,-44.612606,35
86.78817,-45.43271,58
70.20625,-30.998032,75
48.884552,51.04857,7
45.3658,54.985317,7
102.07937,-67.27479,69
-63.79857,53.759396,76
48.853657,57.83353,7
-26.045618,78.65287,77
89.74624,26.778097,-1
-31.808142,106.33289,-1
-88.60915,-19.460365,86
90.75243,-81.06212,78
116.54602,37.267136,79
-39.54832,-82.894585,23
-43.411236,-121.730385,31
-84.387085,-26.232655,-1
-63.405746,-43.77606,35
-47.46047,-118.07683,31
15.495072,-65.33989,-1
-22.401106,-91.836716,-1
-48.665558,98.72259,43
97.95167,-17.353432,80
-29.430819,59.181164,18
-23.55581,-77.24804,48
57.263016,115.87088,81
47.06335,-58.232014,82
47.217308,54.811172,7
70.65866,-49.596607,83
-0.32692444,-30.058342,-1
-25.525743,5.3713193,84
103.04402,-3.8378212,85
65.80763,-68.122375,-1
-125.16684,-29.926188,62
-77.89709,-35.770687,-1
-14.683645,51.13147,-1
83.16847,14.622309,-1
51.348705,56.367023,7
50.49328,53.14727,7
51.047703,-34.94516,-1
51.87543,53.518463,7
-91.62706,-16.921787,86
11.80893,0.11737982,39
-108.28257,-34.186527,101
-30.059486,-26.591406,87
67.42372,-3.4058952,-1
-9.5070095,-23.569271,-1
-75.71914,-22.704565,45
-26.683298,36.927498,27
86.495636,-68.92038,-1
-88.22129,-80.17858,88
50.02748,54.17475,7
-38.713417,-21.741144,-1
46.25022,52.248528,7
112.50335,42.672024,36
69.98855,-52.540997,83
-21.613073,-102.27463,63
-47.44103,-71.463524,-1
32.573593,99.52304,37
46.957664,57.338062,7
-31.819382,106.33904,-1
49.96563,55.083385,7
-64.43445,-47.10464,35
-79.76097,85.01957,70
12.210568,-75.65188,89
45.23929,-86.49225,90
87.11893,-4.483945,91
-76.290535,18.057508,-1
38.771767,100.858696,37
-14.227036,21.871622,26
86.79318,-1.9161841,91
56.253864,11.599216,61
10.303366,0.7110482,39
-31.02967,-49.862362,-1
72.93768,16.543415,49
82.87664,-37.537045,58
41.309444,-37.783524,92
-32.842144,-28.26992,87
50.908447,53.996613,7
111.41889,42.6423,36
-73.5789,-74.68114,53
50.724564,51.92613,7
0.44074708,-16.215603,-1
41.17324,-37.661568,92
-45.15931,-119.99707,31
-23.27418,30.317217,-1
101.03096,-28.067186,93
-73.09581,-11.761455,94
-20.51611,-114.64757,95
-96.148964,-62.01184,96
-55.70001,-20.873821,-1
38.053555,44.414074,7
79.17076,-7.0460525,-1
-63.352646,55.10658,76
-20.685886,-35.70949,97
-83.17221,-76.42498,-1
-43.344547,-12.70299,98
-83.43929,86.902824,70
-34.078926,81.211845,-1
89.78605,26.771381,-1
63.09367,-26.866283,-1
-13.013098,66.97581,99
93.771034,43.62891,100
93.92103,40.42487,100
-54.996758,-52.051487,-1
77.41382,3.7708306,-1
-83.71096,83.55998,70
-55.924072,-28.7841,-1
-48.7913,-120.32086,31
-108.861374,-32.399445,101
-51.449234,-86.208435,102
40.203335,60.060177,7
36.59116,46.772358,7
43.925,-95.30882,-1
12.141546,117.93862,103
-37.210453,-64.482376,104
-87.214066,-65.227844,-1
-106.290474,-30.29604,101
51.66191,64.03568,7
76.69835,-95.25491,33
52.58933,49.53787,7
-70.083435,-47.47941,35
-71.89344,76.1213,46
-71.47514,-42.249653,35
26.121914,-12.403391,-1
86.49987,-68.91953,-1
57.877552,55.69575,7
-103.350075,-26.116106,51
-69.73802,-7.94257,94
56.31311,52.083183,7
60.708046,13.952477,61
-51.94297,-114.50405,31
61.063984,54.493847,7
22.613554,-22.666641,-1
49.69513,49.66956,7
53.69411,50.720478,7
78.58335,-78.04793,-1
-95.655045,-58.970623,96
107.874435,36.957844,-1
-39.659523,74.69071,68
-131.68762,-25.90047,-1
54.369774,49.13161,7
-0.7073289,-78.44509,74
31.608013,-18.272797,-1
54.844585,-72.033936,6
62.989838,58.849743,7
69.988075,58.86442,7
-62.766895,-57.937954,-1
119.39245,-38.709404,19
-2.643216,-28.354155,-1
111.458855,43.023483,36
70.66255,-49.57482,83
17.810387,-27.840055,105
54.28006,-1.1085553,106
-68.52641,29.896318,107
-34.744358,-8.620177,155
-119.84659,29.7452,44
-38.386433,-21.659958,-1
26.924564,-82.55142,17
41.870724,51.21323,7
-1.0336938,-101.43199,108
-42.25712,2.5424519,22
9.995447,-38.651016,109
-96.04594,-62.40345,96
-75.488106,-63.315834,-1
-9.434449,6.037348,25
-30.96927,-70.52554,156
-7.593548,-16.172802,110
-46.324413,82.52008,111
87.14427,-4.426577,91
-74.98225,63.636353,3
12.017096,118.004776,103
-7.635751,90.43586,-1
-31.906208,-71.53608,156
-1.9072834,-76.30983,74
-115.79335,-2.778459,72
-66.478325,-39.053932,35
-37.95473,97.13889,151
90.293495,-81.2054,78
7.471439,75.76775,71
17.810413,-27.839725,105
54.932434,36.640003,7
42.17499,-36.85674,92
65.95428,97.447624,60
-3.4686084,-42.61106,-1
44.370132,41.345722,7
-49.67878,16.033289,-1
-26.713371,16.241896,-1
-63.38071,109.54375,112
2.0128775,-21.94241,-1
81.74774,-39.101196,58
76.53941,-17.271036,150
87.447296,-4.4932704,91
43.282764,-102.645454,59
-51.555653,6.430326,-1
66.21332,-55.984734,-1
120.270966,-38.64501,19
-83.1213,-41.677277,-1
-79.29951,-63.182774,2
32.542667,99.07281,37
-65.86517,58.63617,76
26.44454,-12.725326,-1
-28.435406,-77.115425,48
6.599517,-30.278864,-1
42.023678,61.054657,7
-120.940796,-3.114605,72
42.462643,52.674915,7
85.452705,-24.227348,-1
-44.955452,74.96639,-1
-9.362516,86.07195,113
-41.20775,33.882736,-1
-83.06473,-49.593246,-1
45.09334,-89.13781,90
47.03276,66.30832,7
-73.087265,-38.173283,35
46.069786,64.610054,7
-42.45124,-119.015724,31
-79.29945,-63.181244,2
36.811478,53.285614,7
44.639297,43.5374,7
104.98541,-28.851196,93
-74.12118,10.211105,54
49.067303,66.716354,7
-26.129318,78.78411,77
47.511673,63.550957,7
92.86003,67.81262,114
47.37384,49.76168,7
-77.034775,13.812767,54
-62.76157,33.564034,20
29.242495,-41.928913,115
28.77508,-83.25656,17
-31.220354,25.262354,116
11.052425,-86.69151,157
-71.12482,99.72026,117
-37.00399,-41.48644,-1
-35.61437,-34.43458,149
-90.20746,75.43007,-1
-59.336502,-51.244576,118
-75.3686,-67.79435,53
94.20976,-28.791409,119
-62.231323,108.50492,112
32.01909,-56.279728,28
77.94025,-95.17229,33
94.39117,-81.495026,78
-4.803354,35.98043,-1
60.36738,52.426384,7
-8.644877,6.894975,25
1.4949661,-49.941753,41
-24.256786,4.7354145,84
-59.773907,-88.18392,65
-2.9442525,-35.79627,-1
-35.463043,-12.784701,155
12.156184,123.75719,4
28.015656,17.604183,40
35.360584,44.71206,7
-27.686626,-12.157946,160
-59.30107,91.15072,-1
-74.92824,75.46474,46
-112.43123,-7.266297,72
-82.253716,-67.165695,2
41.061634,-63.72366,-1
4.1694613,94.57044,1
93.33147,40.61514,100
12.213807,32.76851,120
-72.49179,13.066251,54
-76.63818,12.1448345,54
-2.7895532,90.5693,-1
-52.641453,-94.42961,-1
-72.87003,74.77533,46
5.897914,-7.5013185,-1
63.436035,55.146477,7
-9.405381,-85.07183,121
-83.96937,-11.124625,-1
-103.65184,36.15406,122
-61.521576,107.86339,112
-26.619211,94.905426,66
-72.191925,-9.160498,94
-44.289646,82.68878,111
5.6634502,1.3270407,39
10.771509,-20.742126,-1
-46.18404,-30.432053,42
-26.785162,-68.55166,-1
-101.15842,37.196827,122
-46.334896,97.89312,43
-61.54643,-19.377499,-1
13.152098,109.915085,-1
49.382614,-104.56399,-1
-2.8030424,-52.808754,41
-55.47073,-65.1173,14
-39.850407,-65.28587,104
9.458677,-54.14633,-1
116.1285,10.97174,123
-39.690865,74.29644,68
3.6467435,39.22353,11
-110.3083,1.8238223,124
13.343892,117.56174,103
-62.767826,-57.941433,-1
-90.97776,-35.09304,-1
-8.06698,7.0288944,25
-8.247025,-16.475628,110
-76.91365,-71.633125,2
62.4025,94.00844,125
-47.3822,-22.034138,-1
-117.143875,-5.3785887,72
-21.937517,14.533153,-1
116.74361,37.619736,79
-9.355738,-14.801251,110
89.704315,26.799026,-1
-90.21514,74.859764,-1
-66.86619,-42.250988,35
-44.619736,51.69569,73
-47.814568,-32.198326,42
-27.048882,16.623142,-1
-93.534904,-65.364784,96
-109.1943,22.817905,139
45.855453,48.88497,7
46.70202,44.372833,7
46.737827,60.14786,7
19.224516,-86.399475,67
-29.596817,117.740395,13
77.22577,-95.00054,33
-69.11964,-73.78648,53
69.628525,-10.519364,-1
44.935696,0.58248305,-1
47.58729,107.35914,126
-75.13261,63.57932,3
-26.862164,-12.279634,160
-33.834423,24.86517,116
-0.5685404,8.977117,127
-83.17315,43.977074,10
55.281937,58.382732,7
-66.768974,-41.323006,35
-69.67969,29.363089,107
103.01798,-27.516338,93
75.38312,-97.12802,33
12.210861,122.62703,4
58.693275,-70.53832,6
-12.45065,64.97096,99
123.28443,-9.578428,50
-95.556015,-29.05715,51
-72.49349,13.066641,54
-41.768803,-52.91823,133
10.850065,-26.007313,-1
-55.663376,-20.8404,-1
-99.169395,-21.648638,51
-61.113625,-101.48316,128
-36.411976,-77.95275,-1
-74.21839,-40.91014,35
54.40195,-29.059822,129
-59.259235,22.126007,130
-9.833412,123.89806,131
16.991047,-18.95344,-1
88.305725,65.06935,-1
20.906721,118.085846,-1
89.60449,-74.20099,38
88.6923,-84.60715,78
-121.1903,-6.5977664,72
101.17451,-27.963829,93
67.69492,66.084694,7
-82.24706,36.354298,10
103.00792,-63.109455,69
-0.7941927,-51.816322,41
-115.13425,17.948997,34
119.44976,-38.67737,19
-104.81763,45.588223,-1
34.83473,54.428406,7
30.266727,-27.972342,132
5.859029,47.752224,-1
94.13615,30.762396,-1
-111.84771,-0.9467014,124
-72.19095,-9.160395,94
15.920432,125.56286,4
116.1297,10.152025,123
122.44113,-36.57881,19
-49.336205,-89.11353,102
45.51523,-20.67048,-1
-83.2206,43.943817,10
108.04842,18.407171,146
45.561462,55.95828,7
47.27755,53.881424,7
-59.564896,-102.20848,128
-108.282135,-34.18751,101
12.360476,117.8791,103
62.673405,94.08379,125
-73.19586,-48.444027,35
-12.927617,-29.096367,-1
-80.155716,13.037033,54
-83.08139,56.890152,30
-92.56197,-19.407598,86
47.11596,61.64178,7
101.39189,-3.1408103,85
-45.935204,-110.84632,31
-43.11479,67.34558,-1
32.960392,98.39009,37
13.993409,-130.17757,12
-118.387314,-45.57414,0
-32.712322,-80.326614,48
-20.767134,-113.42208,95
53.1738,-25.859497,129
-18.412596,-17.519394,-1
-63.99497,1.7470133,-1
-98.610016,34.645042,122
61.6582,-57.752655,-1
-110.534454,-30.255936,101
54.432175,-14.362394,-1
47.865078,56.656082,7
-54.541607,-88.51272,-1
-43.893036,-53.111443,133
-35.111996,121.768135,-1
-90.33733,80.34663,-1
72.853455,15.785116,49
-37.344715,-64.23588,104
-14.419879,52.286793,-1
-31.252419,25.670084,116
-50.44467,-56.824856,-1
47.693657,55.507877,7
2.649714,23.685,5
-59.808285,-25.272284,-1
-84.67951,-90.7747,21
38.954796,-106.30725,59
-41.64858,33.714832,-1
42.315647,63.130856,7
-44.17137,-82.17799,23
-84.91442,-88.46926,21
-64.08674,1.9032929,-1
3.1832538,94.26496,1
42.272003,59.26545,7
123.027176,-10.079676,50
56.940166,59.086853,7
-110.30011,1.7546507,124
54.232964,0.86535084,106
7.7567964,76.50318,71
100.78304,-64.12404,69
6.104438,-50.098,-1
116.94901,9.593392,123
42.08206,-36.943775,92
-68.45238,47.319942,134
-63.317146,-44.688507,35
10.836672,-26.025238,-1
48.496273,55.05467,7
-46.71174,-0.30330306,-1
94.00377,40.605522,100
31.111048,-29.549696,132
-73.50784,-22.667639,45
50.669193,57.08218,7
-41.548634,-64.63126,104
51.89211,54.512424,7
-88.30542,98.837494,135
-73.62602,-20.646507,45
91.008514,5.221355,24
93.94514,43.66394,100
-113.255844,-41.78914,158
-20.861824,-101.70994,63
45.681026,62.660564,7
41.27059,5.7771444,-1
-40.76642,55.124355,73
62.003387,-8.199628,136
-59.41082,-103.42327,128
-89.52071,-80.84658,88
48.17897,-47.139423,-1
47.920082,-13.244011,-1
-127.18132,-36.005825,62
38.62351,-18.81229,-1
-20.76828,-113.415596,95
41.35512,-55.351406,82
51.251396,48.687515,7
19.706469,113.42819,15
-1.9111379,-42.559032,-1
-35.22435,121.82313,-1
4.349537,68.79216,-1
-71.63689,76.67772,46
-91.60669,2.465102,137
51.803253,55.51607,7
-7.3797493,-17.114967,110
47.907784,51.256832,7
-97.107254,-42.573677,32
-30.448305,-71.5297,156
12.331972,-42.47581,-1
-117.994705,30.717669,44
50.82914,-34.814777,-1
45.33596,54.0026,7
-38.589848,-21.732084,-1
-0.11517498,-63.221954,-1
-60.157215,-3.8214324,138
-117.23646,-28.79287,-1
-132.32196,-25.314941,-1
-0.54708844,9.456323,127
54.853188,42.182373,7
94.9653,-60.643227,-1
-58.63239,-31.796347,-1
41.364285,69.731125,7
-71.74444,-41.92119,35
-27.81003,-12.14203,160
-110.29757,1.7543039,124
61.871887,94.07303,125
-78.233536,11.047384,54
-43.23636,8.16635,22
-28.882822,-83.90789,48
50.542076,42.25676,7
49.56321,53.458267,7
48.748707,53.88784,7
46.47048,53.508404,7
7.9143314,-29.573414,-1
50.453243,55.888847,7
-109.86263,19.01566,139
46.196136,56.71544,7
-39.354298,57.504726,73
4.8031034,69.40841,-1
96.10526,-19.386549,80
8.510594,52.14497,-1
-62.656532,-4.699828,138
2.4170861,-1.6882453,39
-1.2895004,-9.776508,-1
46.331947,54.463528,7
-58.530067,-50.39871,118
-7.9994936,-42.059563,-1
96.22737,24.231417,140
-3.8856251,63.55057,141
55.265015,-13.999787,-1
5.463917,-42.885525,109
3.6065269,38.313446,11
-115.55383,-9.81597,72
46.41619,-85.08402,90
-52.486538,52.433826,-1
61.651886,-57.785828,-1
-73.7729,-15.473667,94
-60.14054,106.01458,112
-65.38553,54.45819,76
-100.1395,-13.726923,64
51.98414,45.28202,7
-39.428356,74.81088,68
-72.00326,-9.330078,94
-20.756115,-35.856834,97
-8.514496,38.168953,-1
40.998726,-53.166805,82
50.885513,54.982903,7
-16.684761,-22.746408,-1
11.9405365,33.440266,120
92.32884,67.59082,114
48.85764,56.812553,7
78.58353,-78.04946,-1
-26.790321,-77.99409,48
-7.4607205,-65.3557,-1
48.897194,52.0752,7
-59.066696,21.568432,130
47.877502,57.701828,7
-43.45509,-121.823135,31
48.027225,54.359882,7
-16.483702,-48.393017,142
-72.47299,93.483315,-1
-82.48648,-58.456535,-1
59.144535,62.03138,7
-0.50214887,10.10303,127
-85.20528,33.933533,10
-66.47637,-39.053772,35
-76.29471,18.057558,-1
46.304012,-31.601633,-1
18.6312,9.750309,-1
-89.1125,-0.5444757,-1
68.52694,2.7409012,143
-12.241922,-71.32809,-1
-78.52707,13.141884,54
9.580556,-38.61721,109
-40.949337,55.143578,73
50.39452,-105.84227,-1
-69.55834,-65.7303,53
-12.857419,-29.155813,-1
-66.237816,-52.444923,35
-85.44794,-48.357113,-1
13.234925,-128.94965,12
-16.547058,-21.872286,-1
-93.28459,0.38209143,137
3.9735246,-91.29506,-1
48.498924,55.9633,7
-69.73878,-7.942238,94
56.99268,-60.95795,55
18.680103,9.707187,-1
67.92507,2.1305015,143
-67.20313,69.04871,46
61.553535,-52.11611,-1
-27.889599,79.05544,77
-21.882387,-34.241592,97
90.50221,-16.002356,-1
-72.17946,98.36653,117
-61.84502,-92.2012,-1
-65.80313,-52.684345,35
-22.01702,-34.842857,97
6.8485165,-0.9127717,39
12.213585,32.76964,120
35.017544,15.526642,-1
102.04792,-5.094995,85
-37.907013,11.938672,-1
45.046143,45.481762,7
-110.29932,1.754996,124
-69.01377,-44.698177,35
-57.789814,24.498144,130
-83.981316,-11.128262,-1
-98.00129,-31.441158,51
-72.67045,-34.57803,35
8.061898,76.42059,71
32.71733,39.174244,7
-32.081192,70.29261,-1
-25.701622,5.4591045,84
52.826797,41.09347,7
-73.08924,-38.173145,35
-122.25779,-32.22737,62
-30.444765,-80.381615,48
-97.53756,-32.06716,51
37.2463,-113.058105,59
-8.114431,-30.672806,-1
-21.05337,-112.62825,95
-92.72431,-61.249516,96
-37.19254,-1.1036613,-1
2.0360537,-112.22439,144
5.820098,59.494274,145
-82.48059,-58.45638,-1
28.796453,45.683685,7
-25.151152,-42.37454,-1
-116.021996,-5.318084,72
-12.684138,-61.72335,-1
57.727776,38.10414,7
-38.15547,-73.07887,-1
81.01622,-36.639362,58
-55.932236,-28.78455,-1
54.84299,56.58785,7
50.52146,68.41798,7
102.86725,-3.8480432,85
44.17373,63.923676,7
97.58923,-17.268059,80
-25.928871,-43.469135,-1
43.470707,51.202892,7
-41.081303,22.337618,153
10.741265,-20.738228,-1
43.776833,55.36258,7
-16.559238,11.066589,-1
65.35151,96.85955,60
-39.33701,57.594147,73
105.952126,15.13076,146
26.237337,-67.596176,8
-88.30294,98.8086,135
-31.741856,69.77479,-1
-41.869907,6.1225963,22
42.476727,57.251183,7
5.8045697,-7.239063,-1
29.313421,-41.997444,115
49.24404,12.01618,159
43.506104,46.65005,7
-45.126385,-58.55202,-1
-71.708084,71.764366,46
28.495981,-41.23658,115
41.910023,40.45388,7
-70.82666,100.491806,117
57.07407,116.032814,81
90.45186,-15.989655,-1
102.0888,-66.77947,69
-40.642307,-82.19345,23
70.3871,-30.033768,75
-44.810368,55.39016,73
41.080544,-113.135475,59
33.125076,58.563377,7
43.523785,-57.584446,82
-108.28225,-34.186802,101
-39.14121,-65.06418,104
3.2656653,60.19984,145
48.30065,35.160034,7
3.1179287,-20.617378,-1
40.94415,-5.2905226,-1
31.167187,-29.625895,132
-23.276493,30.319975,-1
106.49914,-65.76676,69
-88.27439,-80.1681,88
-3.6502023,64.229546,141
-56.445923,-91.40431,-1
-0.9136839,57.548676,-1
-84.38687,-26.231894,-1
94.215,-28.654245,119
-7.597891,-30.692059,-1
93.80733,43.669487,100
-64.716866,-42.748993,35
100.39156,-2.9307573,85
64.422226,-40.486336,-1
-77.3345,89.464386,70
-65.90027,-68.750336,47
-79.76371,85.094505,70
58.325226,57.70642,7
64.20059,66.68962,7
-5.519043,60.540455,141
55.435745,50.543583,7
-36.388634,-64.339096,104
35.589676,49.33525,7
-13.552597,107.10064,147
-34.099377,89.00342,-1
55.265236,53.530685,7
122.16247,-35.104218,19
47.457527,-73.49152,-1
89.40065,-31.483892,-1
-126.02587,-32.67411,62
-12.580274,64.90134,99
-64.899734,55.60499,76
48.595005,40.977585,7
-14.191995,71.17739,-1
55.075592,-118.32766,57
-45.721786,-110.15496,31
48.507687,47.18165,7
-121.71207,31.129747,44
-50.982006,-85.80817,102
-48.95275,-87.7526,102
53.542366,-30.151886,129
-27.01267,-77.81114,48
88.54725,-40.665897,58
66.206726,-55.9968,-1
49.37075,105.98547,126
-18.07788,58.477665,-1
17.826635,114.25436,15
42.57351,-105.5262,59
-79.298805,-63.182404,2
41.24147,5.8003244,-1
-43.42373,-53.902412,133
-27.87442,78.574,77
12.319806,-42.467373,-1
27.077307,56.25533,7
-9.14241,86.60225,113
119.31619,-38.738792,19
-52.593826,90.41184,161
-62.55377,-68.26135,47
59.52242,50.493916,7
51.99373,-62.051598,-1
-123.48707,-5.8856673,-1
-41.46872,-12.428114,98
2.2475078,-99.262115,108
-117.63529,30.648193,44
-88.32502,98.8322,135
-46.086903,-118.199936,31
-10.236702,-95.5425,63
-28.8521,37.68363,27
-117.46373,-29.088644,-1
56.318058,48.862053,7
22.299395,-0.72925276,148
-50.463703,-115.52449,31
-50.519157,-85.444695,102
-9.361967,123.77336,131
-48.524876,98.765976,43
95.71889,-72.95341,38
-0.626524,49.904434,-1
-47.88508,-79.281044,23
-94.3815,-1.0161197,137
-74.64825,13.116034,54
-47.85805,-21.574091,-1
6.862427,6.5693283,-1
59.75361,56.1873,7
-80.08858,-69.565025,2
-7.320372,6.822488,25
16.877228,-18.75696,-1
-51.15511,-94.26162,-1
-1.6169995,-101.80851,108
40.68174,53.199047,7
28.13675,5.0577183,-1
93.37396,40.842075,100
38.946888,-101.276924,-1
6.314067,59.44491,145
-43.378117,-121.836205,31
22.333313,4.1609006,148
-109.7448,18.927126,139
86.14554,-1.8266084,91
32.68381,55.837017,7
-123.508766,-30.674633,62
50.990078,58.65434,7
-86.03755,34.322037,10
-115.55749,-9.825975,72
40.006416,-108.94179,59
-78.37145,-59.772636,2
12.0917,-71.67457,-1
26.121742,-12.403337,-1
-76.04511,63.558838,3
108.082306,17.162357,146
-34.413902,89.11502,-1
-99.848595,-23.5094,51
-29.42986,59.363857,18
39.03426,-105.95903,59
-109.13642,10.814904,-1
53.84916,59.521736,7
-114.28794,-5.390687,72
35.592014,-109.58546,59
-9.577845,-17.65059,110
48.506466,49.038353,7
-76.09887,70.949455,-1
97.55692,-17.149923,80
42.54078,65.32774,7
-21.057978,42.28508,27
-9.543387,86.313934,113
-65.281555,47.75853,134
-69.70681,70.70515,46
-38.260494,-31.203308,149
54.551464,52.08853,7
-83.907936,57.09219,30
-10.949664,67.437485,99
-53.973488,-66.60462,14
-98.312904,-41.66384,32
19.051174,9.38455,-1
82.37504,14.867516,-1
-9.435871,86.565544,113
-31.367899,106.13327,-1
45.06153,57.767864,7
46.58323,39.90569,7
-47.101765,-53.100307,133
50.727165,39.8951,7
-101.25393,-12.471724,64
6.9939747,-0.7120167,39
70.00425,-30.279356,75
-14.971316,-49.710617,142
-102.53615,-23.851612,51
43.704617,60.153446,7
55.093132,-71.35989,6
-82.222664,-67.17176,2
75.14744,-18.543814,150
29.200672,-41.895134,115
-111.15778,-21.178436,-1
-77.91513,-44.354458,-1
-12.365031,65.01243,99
-111.954704,-5.133662,72
82.31539,96.70632,-1
-7.0180106,-65.83725,-1
9.203386,-55.699825,-1
-55.386047,-97.11334,-1
37.1501,42.1515,7
-48.7234,-88.56619,102
-0.5608419,-51.60817,41
28.777897,-70.593925,8
-119.271286,28.129944,44
82.74878,-60.58004,16
-93.232376,-1.0394202,137
93.43316,68.06478,114
-128.65747,-28.535286,62
49.31356,105.93017,126
-11.262837,-50.229786,142
-16.85893,20.882504,26
45.390358,-99.40297,-1
67.91216,-3.0659754,-1
68.10264,52.818848,7
-16.086615,21.703806,26
-111.955864,-5.133638,72
-10.688425,-2.2348273,-1
-94.11909,-43.58881,32
-115.13469,17.94887,34
-46.09961,-30.087626,42
94.12486,30.696299,-1
19.884155,113.17349,15
57.370373,50.461243,7
-84.50616,89.50686,70
-21.806257,14.490349,-1
-28.700275,-77.10251,48
-66.487595,61.5337,76
17.915081,-52.745003,-1
38.77188,100.85605,37
-16.896044,-47.943367,142
-64.248215,-51.252224,-1
-77.61377,-22.181665,45
-9.730151,124.19554,131
-57.304085,-91.865425,-1
-59.958008,-8.499279,-1
54.327538,1.0208093,106
6.3024735,-7.7011333,-1
-28.073627,-79.03535,48
46.063538,50.363422,7
-37.99921,-116.317375,-1
-38.40341,96.97555,151
-85.92619,-65.23958,-1
-66.96803,-48.50975,35
-8.617083,-17.671198,110
-98.2375,24.98834,-1
44.050007,52.614902,7
-94.528435,-28.485693,51
-70.70572,73.75708,46
46.93193,46.2945,7
1.2006267,64.2296,141
-66.66022,61.27308,76
13.255625,109.987915,-1
-123.419136,30.092846,44
63.29088,-21.079351,-1
-38.104713,-86.26706,23
-17.69609,11.581179,-1
-57.82312,5.655445,-1
48.88943,64.76073,7
7.0539684,-30.042883,-1
-5.401003,-127.75178,152
-93.23079,0.37712175,137
-29.773548,-1.470735,-1
71.62232,-16.961859,-1
12.552496,-50.969368,-1
-29.595991,117.74558,13
-20.298662,-35.191647,97
-7.251567,23.143087,-1
-79.17693,-79.64939,-1
58.238346,52.200634,7
-44.2268,-96.67997,-1
59.39313,42.763435,7
-45.788185,-79.07215,23
-42.621876,82.1342,111
45.25509,-20.554081,-1
-65.62463,-66.99378,47
-74.53666,-59.357285,-1
104.40862,-28.65011,93
82.87553,-37.537766,58
-95.01844,-32.095863,51
-35.1876,121.8052,-1
32.960377,98.38857,37
-87.60653,-34.66674,-1
-69.05062,-84.216095,-1
13.606928,-47.822117,-1
53.743046,-72.55306,6
-10.690071,-2.2352955,-1
55.092613,64.37128,7
-1.2001431,-16.04999,-1
-91.45699,30.469189,-1
-42.56338,82.46066,111
-6.1514263,59.893044,-1
8.527929,52.09052,-1
-43.1888,17.463236,153
75.3635,-18.369156,150
57.60792,34.376324,7
-37.300076,-40.424816,-1
-50.661907,38.320755,-1
-42.37463,19.255566,153
-0.6581958,49.922077,-1
94.202225,-28.684763,119
-118.743416,-5.2033725,72
-3.5716343,-42.616123,-1
32.391514,45.18934,7
-8.965813,86.38535,113
47.181396,48.098663,7
-115.60267,-7.3319798,72
49.210728,-48.532753,-1
-72.77307,-48.42015,35
15.851343,24.334085,-1
13.298057,-128.96385,12
83.22404,-60.04626,16
-83.42379,86.939995,70
-43.377426,-121.7514,31
36.945293,99.42878,37
-104.69772,45.17028,-1
69.95154,-52.60644,83
85.975464,-62.98473,16
-78.37139,-59.77382,2
-85.79898,92.0725,70
-96.81712,36.69971,122
-122.80985,21.132801,-1
-27.328163,-56.859398,-1
47.156868,-13.010298,-1
-26.597527,-75.60407,48
18.875162,-29.512142,105
54.218655,44.298954,7
-5.397707,-127.66119,152
-69.0526,-84.21396,-1
-64.28164,-42.064373,35
-37.820877,51.444458,73
-121.94234,-32.474438,62
3.209052,-1.0083606,39
4.132859,94.17575,1
-96.70098,-43.650406,32
57.096474,63.30902,7
-39.95725,-83.392685,23
10.664957,-86.341354,157
-73.60401,-71.40637,53
-57.673523,-61.496044,14
-55.766113,-51.745487,118
-24.859762,46.11084,-1
26.133883,-69.266266,8
82.875984,-37.538414,58
15.915994,125.15376,4
54.281178,-1.1983684,106
2.2497537,20.659973,5
6.825967,-39.93845,109
6.03483,47.21493,-1
105.93527,15.117573,146
-38.85374,12.50902,-1
61.11508,44.6906,7
-59.775764,-88.184654,65
-10.556503,65.37304,99
97.155846,-70.936325,38
83.58822,14.490289,-1
94.6765,-61.429325,-1
60.458855,13.823054,61
-98.60951,34.646732,122
10.760239,-20.748262,-1
40.783146,56.591637,7
-97.08586,-42.083286,32
22.314295,-73.55057,-1
15.072126,-39.608326,-1
95.15409,-73.46164,38
38.86328,54.242134,7
-5.175621,-129.57506,152
-9.620536,122.83953,131
98.48996,22.95754,140
-102.53604,-23.854046,51
-57.357655,24.085545,130
39.03463,50.12131,7
38.868168,-18.954138,-1
1.4808191,22.19667,5
17.67158,-28.771944,105
-44.548992,-33.272312,42
-41.282135,-29.067434,149
-2.1337838,-52.875072,41
4.8990736,39.660233,11
-38.502888,-56.33437,-1
42.35317,42.788815,7
-4.060371,-71.70935,56
-73.48879,7.472914,54
-63.2858,109.486755,112
0.010252199,-114.80658,144
-83.90807,57.09213,30
-56.44698,-91.40606,-1
54.915897,66.81895,7
-1.3835137,-75.628456,74
-43.79856,-117.287865,31
113.930046,-42.532307,-1
-83.12233,-41.67729,-1
12.338196,124.22082,4
50.56998,-97.40769,-1
-51.600174,-42.47633,-1
-2.805247,-110.93231,-1
115.3092,36.18568,79
56.83418,116.07197,81
113.45857,40.655823,36
11.861135,0.078305066,39
-38.97075,-45.055508,-1
13.672764,110.29034,-1
-35.951576,-63.701004,104
-26.679295,16.225193,-1
41.009327,49.65721,7
51.28419,76.67426,7
-2.697004,-53.547604,41
-104.58681,-23.052984,51
-4.8605313,36.02132,-1
-4.5481586,-72.31255,56
-5.9698567,-10.314012,-1
54.220528,-29.249426,129
-28.87427,37.682518,27
43.844124,-115.55369,59
-73.51562,87.136696,-1
48.78433,-87.11749,90
123.53776,-10.251823,50
0.17283857,-98.67368,108
-124.34012,-21.556396,-1
-120.0089,24.950846,44
-13.069154,107.47703,147
41.558693,-64.252975,-1
-46.20933,-121.86211,31
49.85438,48.04978,7
41.83153,5.3827972,-1
54.353695,-58.79573,55
-75.11953,-16.890905,-1
5.6797686,-87.66218,-1
27.77483,4.937279,-1
56.650322,71.508896,7
30.373758,57.585186,7
96.85458,-18.084494,80
-101.23675,-29.755482,51
-13.889643,-97.77086,63
-82.31171,89.348694,70
-47.105415,-53.10127,133
-32.45096,-81.08561,48
43.527134,-57.58773,82
-40.822548,34.048973,-1
35.020008,15.5263605,-1
-22.740593,-5.8036737,9
-100.71331,-33.686516,51
38.616817,61.581295,7
-58.466602,-63.991905,14
45.817177,32.62754,7
-98.25667,-42.01182,32
70.76551,-30.829912,75
3.4358933,93.96095,1
37.90073,59.635197,7
116.12981,10.15135,123
103.09706,-27.497643,93
-65.72526,-3.4755588,138
-54.596523,-106.53356,-1
95.028885,-61.074917,-1
-9.966254,-104.33383,154
-8.044686,-42.051357,-1
-91.5215,-64.83884,96
95.48667,-28.164284,119
-102.37653,-21.546566,51
-48.636425,-113.13468,31
-100.64196,15.73464,29
-33.294415,31.415892,-1
-4.2144322,-129.77255,152
-8.516549,39.07745,-1
64.42104,-40.484043,-1
88.17607,-40.012154,58
51.2573,73.33597,7
-65.395195,-46.43824,35
-44.226826,-96.67986,-1
11.760362,33.859966,120
-41.201893,-10.3079815,98
-41.28095,-10.256351,98
89.543945,-74.19453,38
31.254427,-112.29038,-1
57.56195,116.25581,81
48.514427,43.247295,7
-65.83649,-66.67564,47
2.4428802,-1.6679958,39
-4.988674,-129.66533,152
-61.844715,-92.20352,-1
52.323757,57.536144,7
-29.668827,-25.726688,87
58.733757,74.2393,7
-72.17212,98.3601,117
61.680565,-65.99805,-1
82.31658,96.708984,-1
-20.476118,-115.06355,95
-67.006485,61.156437,76
56.90218,68.443146,7
-121.132675,28.30624,44
-92.729774,-61.250023,96
-34.04696,81.2571,-1
-0.009541058,-114.81742,144
-49.55971,-88.341736,102
-113.76631,-5.9599996,72
108.08219,17.351196,146
-42.56115,4.528849,22
-29.031757,98.131195,66
43.652283,58.297905,7
-32.05021,-11.104885,155
-44.366875,74.7488,-1
-13.490317,-61.101974,-1
63.29321,-21.142378,-1
-105.10987,46.585438,-1
-12.86664,107.61765,147
-43.340042,-81.13265,23
-35.29944,-11.91274,155
-74.38313,-48.22204,-1
-55.906788,-63.029297,14
-75.119545,-16.890759,-1
38.632885,52.381367,7
-78.35814,14.520784,54
-124.55314,-21.687737,-1
-47.499943,-32.71527,42
-24.856226,-85.47987,-1
-90.38161,86.12421,-1
-68.356926,-49.903805,35
-37.288628,-117.71684,-1
-50.99218,52.429676,-1
23.185894,3.4748142,148
3.1430237,-20.58906,-1
-73.891464,14.807161,54
-12.795194,-61.640167,-1
-110.76565,-55.06822,-1
-61.844265,-92.20501,-1
2.1536179,-100.16087,108
61.420494,62.883984,7
-26.683718,36.92728,27
37.503456,-12.911169,-1
-64.119965,-46.96792,35
4.330142,-102.94063,108
52.631325,67.57356,7
94.36649,23.451067,140
26.225676,-68.16682,8
-59.859936,-50.980614,118
-98.76222,-26.114197,51
-84.329735,43.60025,10
-1.8654668,-35.203712,-1
-117.77774,-45.41861,0
-61.51128,107.853615,112
-10.603807,-15.195996,110
-12.942976,107.56799,147
3.2656686,60.200222,145
40.237083,-118.17241,59
54.055115,72.59191,7
-52.230762,63.08709,-1
17.959713,-52.757244,-1
25.443567,-69.53824,8
-76.29316,18.057528,-1
-47.766502,-79.29039,23
-62.656464,-4.6999044,138
87.51298,-45.021713,58
-110.71324,-42.369217,-1
50.998566,50.175465,7
-103.35023,-26.113232,51
102.1733,-56.531628,-1
45.96969,104.75271,126
-77.26039,-39.832497,35
60.795906,36.358856,7
-124.79795,-21.237415,-1
-58.770477,-87.59989,65
-9.87595,122.90221,131
62.050056,93.61185,125
-65.815994,-68.577194,47
-27.938944,-27.876513,87
17.597359,-28.623148,105
-57.226864,24.761375,130
31.190393,-29.07049,132
31.620077,-18.276344,-1
50.297886,44.343826,7
12.910879,-129.23412,12
53.826653,-72.566536,6
-17.13218,12.083933,-1
-81.63818,-65.16574,2
-17.130566,-98.671005,63
34.94001,-1.9531677,-1
67.84091,2.0413399,143
82.31636,96.70733,-1
50.182934,-34.998398,-1
86.00223,-1.3288116,91
53.82857,-114.51293,-1
-117.59424,-45.354942,0
-35.13331,-77.80128,48
-9.072816,86.113914,113
12.345967,-80.658066,89
-55.89344,-20.517612,-1
-47.75134,-115.671036,31
-92.99688,-63.411392,96
96.93401,-65.16427,-1
-29.687424,-83.37954,48
54.489914,69.414894,7
-26.414938,95.50361,66
49.491108,70.876396,7
-38.864353,-44.879612,-1
-44.611565,-118.08437,31
-21.69489,41.72636,27
1.7827772,20.74102,5
-31.606268,-72.13585,156
-37.287384,-117.7207,-1
102.62403,19.131786,-1
-80.84442,-35.960876,-1
-18.125309,-4.555715,9
-96.23081,-41.4741,32
-8.436864,-30.349262,-1
104.9555,-2.1972356,85
-37.930904,-1.1041539,-1
-40.987347,-83.7846,23
-59.17141,-49.80037,118
-37.412064,-31.025654,149
-4.111362,-99.109276,108
-23.597387,-86.22651,-1
40.24488,51.556793,7
-24.854345,-85.479675,-1
-57.517525,-61.68366,14
39.280727,39.610134,7
86.00871,-2.147457,91
65.68022,54.19278,7
-98.642685,-29.24997,51
-31.873486,-75.47457,48
-55.619335,-13.77973,-1
44.037457,56.70936,7
91.44262,5.894722,24
-27.874147,78.57426,77
-45.156673,-58.53242,-1
52.125996,51.03495,7
47.997807,68.70844,7
22.98312,2.9866714,148
60.952564,14.0801325,61
63.330067,-26.230312,-1
4.6356297,-111.148254,144
5.4627814,-42.890667,109
-97.40384,-34.588215,51
-65.30232,60.841427,76
68.85682,-10.779618,-1
30.34092,-27.768099,132
-62.910683,-6.0688553,138
-9.897913,-85.2089,121
-29.514927,119.02301,13
46.73354,70.91306,7
-87.200836,-52.96641,-1
-96.47816,-32.765606,51
103.65466,-64.86775,69
45.648243,-105.82192,59
-92.34991,-64.84343,96
62.05388,-7.8193636,136
-116.88261,-3.352601,72
-64.81765,-58.60891,-1
-69.172165,-73.798996,53
-70.85062,100.443695,117
57.504585,12.321633,61
50.129158,61.423565,7
85.418945,-37.949852,58
48.27025,73.61117,7
18.352726,-27.636833,105
-52.991505,11.558371,22
1.877353,63.850903,141
-73.4987,87.131645,-1
-7.635677,90.435135,-1
46.357086,58.735764,7
52.383484,58.975613,7
-99.913536,32.801094,122
77.41944,3.7677758,-1
96.753456,-65.42231,-1
48.586384,60.606384,7
42.141216,48.030582,7
66.50617,97.98118,60
-43.472168,-121.82735,31
-87.42126,88.89281,70
-29.89864,-26.262712,87
-2.8856423,-68.4165,56
-2.1393454,66.36845,141
28.795963,-70.61784,8
-7.9371557,-81.62402,121
-65.65138,75.43138,52
79.47908,-6.980285,-1
1.5355034,-98.32976,108
-37.53604,72.81339,68
-37.998707,-116.319336,-1
41.60455,-54.69861,82
-2.6539118,-28.361137,-1
105.27747,-2.2012393,85
-7.5185304,-36.509716,-1
-47.156876,-113.43074,31
-103.0077,-16.28621,-1
-68.40555,47.317513,134
-72.28605,-68.20322,53
29.848372,-84.86632,17
-0.53457767,8.396789,127
-2.8223839,-68.43647,56
69.802246,-30.30029,75
-85.55761,-61.64408,-1
-55.808,-14.478385,-1
41.717896,37.59592,7
-58.77122,-87.60119,65
-25.222792,-76.17143,48
-109.93699,11.144428,-1
3.5231125,94.904655,1
15.491165,-65.3387,-1
-44.05949,-13.546047,98
-72.28748,-68.20241,53
-18.011332,-47.215122,142
12.590139,-50.96093,-1
-96.94389,36.754616,122
-46.54295,8.537639,22
19.514679,113.87736,15
-68.7559,71.5516,46
-29.887392,-80.530655,48
45.696056,68.275536,7
62.585262,-5.262725,136
62.791615,52.85283,7
88.408104,-85.00366,78
49.1888,-22.507359,-1
-53.675884,-107.60027,-1
52.301167,-62.26868,-1
-7.251556,23.143057,-1
-57.34036,-5.012249,138
-75.3693,-67.7968,53
-80.31624,98.734344,70
-34.512283,89.15635,-1
91.37314,-74.91869,38
9.933837,-38.64187,109
101.00558,-28.09274,93
101.39708,-3.1574066,85
-51.872528,-65.71902,14
-50.745712,-56.720306,-1
3.8281968,93.92614,1
-60.503544,14.46639,-1
3.918474,94.87046,1
34.95212,-115.37165,59
-41.478638,-64.691795,104
53.613,53.44855,7
-95.53662,-35.008976,51
91.46784,5.929715,24
54.702175,54.99257,7
-61.25849,-26.333841,-1
-7.635778,90.435425,-1
-80.36025,77.52631,-1
46.298195,-31.600903,-1
-75.82703,63.180233,3
-44.953026,-0.7816028,-1
-105.184685,38.3056,122
-66.96505,-48.510784,35
56.14938,11.533581,61
54.27485,0.73793095,106
-37.977608,-73.007866,-1
-91.52197,-64.83784,96
-9.147427,-104.53922,154
-43.391926,-54.054943,133
5.5848465,1.2867631,39
19.384438,-52.959404,-1
-44.705517,55.330383,73
3.6838174,39.19615,11
64.93708,57.247696,7
-82.70543,36.333324,10
-26.46809,-68.401054,-1
-72.962585,-24.993507,45
68.10401,3.7375169,143
-118.692535,31.70204,44
-75.369804,-67.7929,53
-40.247074,-74.406586,-1
-36.85688,6.2949877,-1
13.9131775,-129.91014,12
-21.052904,-112.63239,95
-1.1516136,-52.109043,41
53.986927,1.0036739,106
41.389084,5.7010674,-1
10.496681,-38.97138,109
97.77064,-17.238968,80
-2.5629847,-42.622417,-1
3.0336807,-1.1447684,39
-89.49453,-80.83117,88
-110.24697,10.489476,-1
52.724392,38.41224,7
42.337357,55.696114,7
41.484383,-37.48574,92
-12.817141,66.15669,99
1.524252,64.042625,141
-8.410611,38.90419,-1
11.741773,33.903355,120
4.304503,68.72393,-1
54.51389,-72.29721,6
8.511083,52.116707,-1
4.086957,39.63055,11
-3.6908321,64.1067,141
-83.22637,43.888126,10
7.4713078,75.76903,71
-5.3147125,-129.43742,152
-27.05735,16.63093,-1
-54.12854,-107.07495,-1
-63.785946,53.80865,76
122.49502,-35.268055,19
26.12676,-12.406227,-1
32.003242,-56.263496,28
96.19368,24.201632,140
-80.357124,77.52421,-1
-83.70344,57.01937,30
7.456019,-15.294302,-1
7.46292,-15.279465,-1
-80.44443,-1.3798598,-1
49.14084,-22.476841,-1
-29.996216,-26.457787,87
-26.618532,-59.82479,-1
-6.041596,-18.038477,110
-6.18571,-18.535189,110
31.616537,-18.27576,-1
53.384533,54.85656,7
-64.136986,1.9992131,-1
55.85703,45.5443,7
-116.89767,-28.478851,-1
42.86984,49.634563,7
-60.06401,14.204214,-1
50.08664,46.26638,7
-88.29878,-0.879578,-1
-0.052069772,-114.90645,144
2.0685148,-112.20752,144
94.10909,30.6753,-1
-104.92279,45.950314,-1
-85.87105,34.402775,10
-50.559113,38.203045,-1
-14.602646,51.512142,-1
58.49313,48.69415,7
-119.410225,28.668255,44
89.71486,26.79365,-1
-52.693886,63.053543,-1
12.255554,122.42431,4
50.15042,-12.04624,-1
50.25441,-11.9832,-1
-98.910645,-9.913804,64
-62.540188,33.770676,20
53.616486,46.200695,7
-18.227962,-4.706957,9
16.099611,124.145996,4
13.838784,117.23885,103
-82.14259,36.34828,10
20.648754,118.04431,-1
19.884481,113.16966,15
-37.817932,97.20037,151
-44.386814,74.747185,-1
-29.814348,62.051464,18
-77.841866,89.406265,70
-34.584118,74.32103,68
6.1893215,-7.628249,-1
59.75349,46.798615,7
-21.028177,-101.851,63
-33.3718,102.793915,-1
-37.02512,-41.37791,-1
-31.946358,70.49694,-1
88.30271,65.06664,-1
31.100498,-83.673615,17
19.44404,-71.575386,-1
11.906586,-78.107895,89
30.065468,-83.012344,17
55.393005,60.294346,7
19.225016,-86.39907,67
-3.366525,-68.46118,56
12.026033,-72.215935,89
29.73043,-67.682724,8
29.48669,-67.151695,8
58.696846,-70.53389,6
65.81416,-67.97775,-1
21.667543,-76.71964,-1
60.959717,48.689938,7
-47.097637,-7.423948,98
29.865583,-84.34731,17
-82.98534,-86.705635,21
-69.37976,29.504053,107
-84.678444,-90.77449,21
27.160728,-82.53875,17
28.821396,-83.27334,17
11.672454,-82.63082,157
92.0792,67.45808,114
5.6744967,-87.655365,-1
11.204001,-7.701101,-1
12.353042,-80.65302,89
-89.06261,62.822495,-1
44.55259,49.88875,7
-83.190895,-76.41347,-1
50.219124,32.414143,7
53.082577,47.93977,7
60.203693,39.93742,7
3.7811675,-102.67829,108
46.536667,42.27907,7
41.328568,33.581726,7
67.71335,56.366978,7
38.979507,36.347485,7
55.161102,39.653965,7
49.50745,-58.896626,82
57.4092,41.053207,7
30.978622,60.651394,7
35.609303,36.110733,7
-43.949482,-13.440407,98
-125.52598,-29.535526,62
50.589855,-97.39045,-1
66.21383,-55.989037,-1
104.95531,-2.19731,85
30.465443,42.355453,7
-47.44009,-71.46474,-1
88.70424,-41.79097,58
88.710175,-37.777122,58
-21.893703,14.512775,-1
11.027282,0.737512,39
62.04224,-7.8946047,136
85.3996,-24.245699,-1
-64.7086,-17.38972,-1
-124.439545,-34.462646,62
37.001045,55.389023,7
44.095993,48.315777,7
100.85939,-65.33094,69
97.10683,-71.05368,38
-41.066166,22.473543,153
61.658043,-57.79289,-1
-1.2721049,-9.757236,-1
18.149763,-9.71284,-1
-5.97696,-10.319995,-1
-20.81294,-18.301693,-1
-47.622868,-32.77785,42
-91.56525,-17.01262,86
53.796387,33.493046,7
45.512398,-20.668869,-1
-9.715064,93.854996,-1
-41.27257,-29.006758,149
-35.691402,-34.348915,149
6.862726,6.5762725,-1
-45.0288,-33.975964,42
-36.83745,-28.775124,149
-38.907207,-33.27842,149
-92.09306,-19.189842,86
-38.519478,52.36418,73
-29.652294,118.0146,13
-40.73541,-26.645334,149
-14.20575,-82.380295,-1
48.29036,-110.89764,-1
31.2452,-112.28495,-1
40.15749,-110.58196,59
113.13474,40.54738,36
38.966637,-106.2038,59
116.03208,36.65927,79
34.992996,-115.32422,59
-58.62776,-31.80309,-1
-111.14662,-21.165758,-1
113.92536,-42.538574,-1
35.59178,59.23616,7
-19.734238,-99.117516,63
85.50521,-62.6308,16
76.13174,-96.573524,33
53.763233,57.818203,7
-26.194162,-23.088018,-1
94.34452,-81.49504,78
56.204445,55.29797,7
38.741592,-18.894802,-1
117.165855,9.851073,123
90.26483,-81.115135,78
32.063847,63.615818,7
31.168411,48.206577,7
50.053875,63.329082,7
48.48972,-47.54471,-1
45.479813,47.257603,7
53.635143,61.284863,7
-132.3303,-25.325838,-1
37.193676,57.520947,7
65.924355,41.236275,7
-64.02808,-12.096845,-1
62.595154,46.809246,7
-24.945168,45.4222,-1
-42.862347,18.195961,153
-26.642082,37.368343,27
-31.25236,25.670345,116
-21.687347,41.73988,27
-33.985336,24.840244,116
-113.514915,-39.43791,158
-42.941612,8.076026,22
-113.87544,-35.798912,158
-46.91571,5.6230607,22
-25.124601,39.52681,27
-46.833584,11.549113,22
-22.314754,41.023685,27
-57.189735,6.7387447,-1
-23.27307,30.321766,-1
18.995476,9.43395,-1
-0.58962864,-78.65477,74
-8.757927,-85.16546,121
2.702331,21.392567,5
35.014713,15.527343,-1
-16.00405,21.553936,26
3.1625078,23.887976,5
-16.786257,11.220208,-1
-1.9072015,-76.3101,74
-7.005039,23.327562,-1
-14.0301075,22.069674,26
-37.252716,-1.0997308,-1
-61.57307,-19.384892,-1
-127.22288,-32.762592,62
-12.916867,-29.107943,-1
-127.150894,-35.92744,62
-121.3456,-34.626232,62
-70.31556,-31.69522,35
-77.338005,-3.0597668,-1
-118.19134,-42.170654,0
-9.5080805,-23.5731,-1
-59.59714,-102.41023,128
27.574316,59.791527,7
-128.54001,-35.62953,62
-18.235456,-13.958654,-1
-115.1227,-26.62053,-1
42.88575,44.837284,7
39.286636,74.970695,7
30.140087,54.451694,7
-12.883677,-12.767014,110
33.58211,66.45596,7
46.46219,37.321957,7
12.877986,-36.349586,109
57.581333,12.366502,61
-10.650344,-95.3426,63
0.52672523,-36.344986,-1
49.11016,6.2772284,159
9.410111,-54.146904,-1
56.716908,43.486797,7
82.88263,14.713618,-1
-16.720022,-47.78008,142
-14.97282,-45.454178,142
19.36285,-52.95684,-1
61.55365,-52.108963,-1
49.30298,-48.663315,-1
103.78545,-29.682177,93
43.13304,0.15999539,-1
0.16431266,-36.386566,-1
-2.582169,-47.309452,-1
50.19474,11.82574,159
15.072155,-39.608307,-1
-11.833198,-94.78115,63
49.415623,4.024145,-1
1.3631902,-47.047123,41
13.600816,-47.812252,-1
12.331971,-42.474888,-1
41.298016,-64.11167,-1
104.7849,-28.876877,93
40.44035,-52.87407,82
47.179035,-58.26648,82
50.462193,9.552443,159
3.934225,-50.04787,41
-10.394694,-80.63256,121
1.4979562,-49.930683,41
41.07122,-4.779114,-1
62.578644,-5.273454,136
19.910542,-42.69224,-1
44.98144,0.5894942,-1
95.65991,-28.092472,119
-15.387853,-49.362785,142
-38.866478,12.517829,-1
-5.9361954,60.116108,-1
55.277855,62.25464,7
-113.996704,-37.084576,158
-123.18217,21.14275,-1
-4.742092,67.11383,141
-90.33724,80.32912,-1
53.275173,56.30946,7
-15.68287,1.8328156,-1
-2.8621223,69.68672,141
-109.199814,18.483387,139
-56.87903,24.432842,130
-52.03246,6.133097,-1
-83.8184,42.441082,10
-36.85595,6.2923436,-1
-117.61948,20.904165,-1
-99.85134,32.84826,122
8.085314,54.62724,-1
-114.38152,27.331629,-1
-106.79386,34.219597,122
-0.87221754,64.498085,141
93.74501,35.018185,-1
-1.9284745,66.522484,141
-116.93921,16.572992,34
-13.7312765,70.62989,99
-100.65756,15.759009,29
-46.445972,8.403958,22
-84.42463,38.76638,10
-49.416283,14.876133,22
7.057291,59.404823,145
-43.626175,10.562415,22
54.75531,-74.27401,6
57.217987,-75.735886,6
38.742306,68.50015,7
-115.063,17.979185,34
54.450027,-14.351374,-1
5.8633246,47.748905,-1
47.891335,59.28841,7
-6.3560038,65.47784,141
-0.48428768,48.739914,-1
-111.265274,15.911906,139
49.426563,59.329403,7
-95.90399,25.243982,-1
-98.38862,24.972513,-1
-33.29617,31.420288,-1
2.8656476,40.77692,11
-59.4201,22.209948,130
-11.224948,67.805756,99
-109.180885,22.834732,139
-114.39311,24.387232,-1
-80.602325,67.82207,-1
-90.386,86.1303,-1
-111.48364,21.309645,139
-0.9067114,57.559654,-1
-0.6504232,49.948143,-1
-103.9105,33.483917,122
-9.114939,-102.25638,154
103.85533,12.212334,146
53.180378,65.36373,7
41.031536,67.00422,7
-1.5817493,-101.480835,108
-90.20527,75.52742,-1
-16.785707,-99.48227,63
2.295074,-98.559204,108
-9.471564,-104.1406,154
35.046547,56.820812,7
0.9914205,-98.31343,108
98.39866,23.011133,140
6.5247936,-100.84829,108
-7.1648493,-96.67994,63
29.318405,-41.99725,115
-4.1300187,-99.10826,108
-9.398166,-101.12135,154
-78.25042,87.24196,70
-63.665154,74.9168,52
-81.36726,91.76001,70
-63.667114,109.57663,112
-74.7022,98.57898,117
63.862198,61.102074,7
50.652702,60.042686,7
-49.480106,82.30248,111
-85.73629,94.38329,70
-81.364525,96.37239,70
-62.525593,74.50589,52
-79.10156,89.0128,70
-76.320435,91.47866,70
-80.612335,87.77141,70
-81.22968,92.532005,70
-83.21722,98.86989,70
-80.3066,98.746216,70
-83.362495,96.33489,70
44.126205,35.60855,7
-78.80167,92.67361,70
-87.29468,99.71534,135
-48.033237,82.37945,111
-79.88173,90.793015,70
-61.79188,75.631454,52
-87.7852,97.66751,135
47.23926,76.82257,7
-63.2413,75.038376,52
-81.54605,94.95093,70
52.131462,70.359215,7
-60.8027,14.878323,-1
30.168985,-54.239685,28
-98.403496,11.979943,29
4.5708365,-111.16053,144
-19.51363,-6.033329,9
-117.64785,3.158663,-1
-22.620796,-5.8015027,9
-101.0808,37.33698,122
-98.74751,-10.704289,64
-120.88594,29.56388,44
-125.25028,-25.738495,62
-97.953835,34.803474,122
-92.98757,-1.2435457,137
-96.33236,11.812886,29
13.586601,110.21546,-1
-4.8179245,35.991505,-1
39.838436,42.225086,7
-96.70421,36.552605,122
-90.705826,4.3630238,137
-91.45766,30.47324,-1
-24.898394,-52.74048,-1
44.647556,66.12386,7
-105.20219,38.33476,122
-103.78038,36.281193,122
-63.06361,33.36496,20
27.104774,52.679173,7
43.69184,53.97201,7
-122.45809,30.932419,44
-118.693924,31.70207,44
-93.45338,0.52941,137
24.694218,-84.85689,17
33.820766,61.227596,7
3.9427052,-91.33134,-1
-70.80151,28.821434,107
-96.04905,-70.977486,-1
10.925375,-86.35436,157
35.59715,72.73054,7
-53.689396,-75.1737,-1
12.208564,-75.68266,89
61.681087,-66.00069,-1
16.412258,-74.13834,-1
50.950684,65.85908,7
15.852059,24.33296,-1
22.30752,-73.561356,-1
-93.62987,-71.40052,-1
-90.83355,-76.35078,-1
58.95346,54.074184,7
61.91136,-67.21998,-1
-86.72204,-79.00132,88
63.925045,63.842636,7
26.223942,-67.695625,8
47.445652,-73.49386,-1
65.812775,-68.27229,-1
65.45905,69.881355,7
63.83356,-71.48566,-1
-84.14317,-80.846985,88
-95.071724,-82.6265,-1
-95.01878,-70.06203,-1
40.542767,44.41637,7
2.4245334,-21.535316,-1
29.427269,-75.68214,-1
23.404003,-84.43211,67
20.30758,-83.08581,67
15.495988,-65.33162,-1
-84.79618,-88.46179,21
-85.59848,-87.875786,21
24.067493,-81.097565,17
-69.9669,29.226542,107
42.043133,72.66588,7
-79.81199,-82.64952,-1
-94.504906,-71.14015,-1
11.231456,-84.43941,157
92.56713,67.72332,114
55.160355,75.74406,7
-59.33162,-72.75321,-1
52.97625,52.183826,7
8.341961,-89.804054,-1
8.04076,-20.372007,-1
-83.38522,66.32536,-1
-82.807335,64.1308,-1
45.158524,73.399025,7
36.344982,61.563812,7
9.069858,-25.406376,-1
-80.113365,-80.460625,-1
-79.18188,-79.65065,-1
52.412796,43.31034,7
58.829693,59.85674,7
61.141464,60.52955,7
43.270103,67.91637,7
62.163456,72.32075,7
42.17897,54.166172,7
30.14114,66.75031,7
36.41335,66.14693,7
32.700214,53.0435,7
37.098488,50.958633,7
51.600212,47.073364,7
35.118324,63.75836,7
43.208572,76.24352,7
44.950153,51.36555,7
41.31914,46.3312,7
44.103676,70.43918,7
49.055595,38.163044,7
57.27416,47.03962,7
35.918312,69.11732,7
-25.589983,-19.595106,-1
32.541912,69.96151,7
44.158722,38.868114,7
52.138763,60.519344,7
38.86488,65.89288,7
30.42141,51.309097,7
56.984722,65.682106,7
48.504498,45.284035,7
64.90062,51.549026,7
61.967712,50.710476,7
66.506485,59.54213,7
38.939453,56.171967,7
40.98053,58.301735,7
71.048065,55.11265,7
56.513405,57.09741,7
51.71357,62.13097,7
45.035847,59.294075,7
-31.04393,-49.8512,-1
28.432402,63.33746,7
38.84796,71.4442,7
60.37091,58.381508,7
-52.99615,1.1189077,-1
39.197685,58.118416,7
48.681797,62.266518,7
70.87808,50.9017,7
62.35025,42.03711,7
40.59711,54.926174,7
-110.23894,-54.668587,-1
40.458565,62.225212,7
40.012295,48.10134,7
40.43728,64.30943,7
57.037792,53.75455,7
-76.091,70.94907,-1
-39.17116,-45.509655,-1
53.400337,63.131626,7
88.196396,-4.6399994,91
50.81135,-34.91057,-1
36.323566,39.478416,7
61.646564,94.58775,125
-120.10839,-25.214561,62
85.40574,-37.94171,58
-7.3392353,-31.517088,-1
-35.884506,-13.945712,155
-128.68387,-28.52677,62
-43.169453,-9.890576,98
-44.54091,-9.657966,98
-11.784436,-50.194695,142
56.992496,-60.96992,55
6.6578145,-30.252344,-1
87.5855,-44.97645,58
-22.079985,-35.0453,97
-122.4488,-27.828943,62
-29.297873,-11.891671,160
59.124737,67.11253,7
104.9531,-2.1972299,85
61.39379,65.5666,7
80.153496,-6.8255854,-1
17.090265,-19.609474,-1
-55.649048,-13.902886,-1
-14.762225,18.356325,26
-10.688592,-2.235793,-1
123.052284,-9.048056,50
-8.416541,7.1271644,25
8.299567,0.80207324,39
-35.8181,-7.244299,-1
-55.85333,-20.499529,-1
70.98403,-29.254448,75
92.17974,6.025516,24
-118.021324,-46.138027,0
-54.181805,92.48021,161
54.35365,-29.142807,129
94.10023,43.570587,100
53.199726,-25.895237,129
-16.655014,-22.582386,-1
-39.347893,57.638496,73
-44.62168,51.72678,73
-29.446592,59.516426,18
-53.020054,94.64253,161
-30.359632,74.2633,-1
67.98323,-3.0217443,-1
-37.37822,72.851875,68
66.09374,97.58603,60
52.519215,-62.35957,-1
13.740444,-13.890442,-1
87.35701,35.507046,-1
-55.12669,91.90015,161
-63.40552,74.37248,52
67.05587,49.740173,7
69.503654,47.32373,7
-41.798195,95.819626,151
-40.307644,-40.590656,-1
-59.754265,90.87972,-1
-34.414505,89.1173,-1
-52.592216,90.397514,161
30.065138,-29.751314,132
-35.891106,76.873505,68
-28.040115,97.382484,66
29.459795,-28.540228,132
77.41567,3.7690492,-1
73.02274,17.348217,49
72.966446,16.81182,49
-25.32395,5.2721586,84
-48.519634,99.19825,43
24.447083,-29.161512,-1
-46.444145,97.96195,43
25.786682,-39.15156,115
-42.65404,82.30036,111
-26.380878,95.53774,66
19.073198,-8.711834,-1
-14.97032,106.24543,147
-13.239828,107.33647,147
67.52473,3.141433,143
63.056282,-26.96884,-1
56.219746,-24.764944,129
35.151,-1.8842026,-1
-39.16077,74.93284,68
-41.40075,55.347244,73
-9.788126,124.40452,131
-26.198723,78.599434,77
-35.277454,121.85458,-1
-34.092064,81.20313,-1
-70.81784,100.53174,117
-45.121,55.429504,73
-120.821556,-31.431467,62
63.851807,49.09905,7
-0.49996784,10.233714,127
94.95863,-60.510773,-1
37.88429,63.678078,7
-44.589977,47.799133,-1
96.63479,-65.70682,-1
102.10759,-67.46428,69
37.815174,48.555344,7
103.43159,-64.6723,69
106.49253,-65.77358,69
-85.04987,-11.511848,-1
102.17276,-56.537884,-1
-51.324677,52.376278,-1
-90.830864,-18.91869,86
-47.59247,-21.827944,-1
-8.024726,-42.055683,-1
-14.353349,-109.28011,-1
-0.58832455,-30.233036,-1
19.072515,-29.549623,105
70.66747,-49.57444,83
-26.318676,105.38533,-1
-24.574041,-54.20722,-1
-43.9331,-26.566647,149
-37.974686,-31.151709,149
-46.55497,-31.541069,42
70.012184,-52.486202,83
90.80556,-16.036285,-1
-38.641148,-21.72797,-1
63.29255,-21.103281,-1
-49.56216,-41.90361,-1
37.503483,-12.912562,-1
-68.44078,47.3113,134
-65.26819,47.75228,134
-31.567917,106.23768,-1
46.28811,-31.594603,-1
-18.080376,58.473404,-1
59.12687,64.39505,7
-22.343824,3.7411993,84
51.313305,36.069256,7
45.34242,60.927967,7
39.01498,46.372643,7
55.449055,-118.57129,57
43.91408,-115.560936,59
53.822334,-114.53431,-1
42.800034,-103.11382,59
61.73887,68.65072,7
45.37672,-99.37686,-1
45.093006,-89.169586,90
39.46885,-121.62718,59
113.13324,40.546387,36
45.227577,-86.49658,90
41.07919,-113.14506,59
37.974842,-110.47246,59
66.59464,62.59112,7
107.87348,36.958176,-1
55.652042,-118.936874,57
40.091312,-119.67211,59
45.686657,-105.82958,59
35.544197,-109.549286,59
39.755726,-108.01206,59
54.147976,-119.28388,57
115.31818,36.18339,79
46.410717,-85.09918,90
50.37476,-105.83452,-1
38.802876,-114.781,59
42.742714,-110.7798,59
38.8867,-101.26816,-1
37.587402,-99.83587,-1
40.704372,-115.62303,59
37.06529,-113.18484,59
49.381294,-104.56042,-1
40.650253,-119.97535,59
-83.30024,-26.515358,-1
40.36121,-64.61316,-1
-1.4128698,-16.016443,-1
42.546658,-58.030033,82
-57.78676,-34.52562,-1
-51.545227,-42.474712,-1
59.269596,70.29756,7
-55.86123,-28.74136,-1
-13.428536,-61.149982,-1
77.00484,-95.132126,33
-53.011578,11.5656185,22
-2.7890432,-110.94151,-1
69.95054,62.516396,7
-46.57774,12.908235,22
-29.772146,-1.4720808,-1
-49.31885,10.862781,22
34.367115,101.6563,37
36.81308,99.46716,37
43.84222,61.934334,7
-26.642086,37.368073,27
90.39678,-82.54845,78
108.05731,18.208212,146
89.54345,-74.17141,38
95.61029,-73.10133,38
49.295143,105.94068,126
38.595585,101.4344,37
82.31236,96.70978,-1
45.961533,104.74759,126
69.66535,-10.518556,-1
-27.937819,-27.865564,87
88.72449,-84.54975,78
123.37582,-35.883713,19
57.072598,116.03402,81
54.33664,-58.77213,55
102.63936,19.126472,-1
64.42651,-40.48576,-1
-112.53715,-36.437542,158
105.92308,15.103143,146
0.19006635,-5.3109,-1
-3.3939788,-2.3402674,-1
82.88632,-60.450882,16
-47.100334,-0.1328552,-1
32.419853,98.7196,37
108.52259,11.189457,-1
86.49492,-68.88849,-1
-46.600597,-0.34797326,-1
41.53958,108.47894,-1
78.58387,-78.051735,-1
-27.533472,41.793682,27
117.16776,9.849212,123
47.539547,107.31856,126
55.07635,47.412846,7
67.87867,44.13575,7
65.72788,46.949284,7
64.17732,44.38189,7
-12.805514,91.17284,-1
-2.7895145,90.5688,-1
34.040363,47.44225,7
63.574863,38.62837,7
56.89899,-50.92605,-1
34.9861,51.89874,7
33.150276,50.22286,7
55.231293,-55.16888,55
27.688448,49.14079,7
57.12968,61.163162,7
-124.60168,-21.125528,-1
34.10432,42.262558,7
58.341362,45.055977,7
61.90226,56.787457,7
61.012577,14.111176,61
76.538765,-17.269684,150
-7.0909624,-65.75971,-1
22.400414,3.4911518,148
23.344666,1.6985945,148
-7.8625593,-81.61483,121
-57.653313,-101.9069,128
-10.576203,-9.897284,-1
-59.854275,-25.305016,-1
28.221777,4.747068,-1
0.90186095,21.963465,5
-68.23575,-12.534649,-1
-0.12927355,-63.239204,-1
-41.097767,33.930138,-1
-4.553578,-72.49751,56
27.352701,17.442514,40
22.260605,-0.80277723,148
-12.615958,-71.33854,-1
-17.663586,16.931108,26
-31.762358,-33.692554,-1
71.93122,-19.536835,150
