food_item,serving_size,calories (kcal),protein (g),protein (g),protein (g),protein (g),carbohydrate (g),sugar (g)
닭갈비,400,595.61,45.9,25.8,45.9,25.8,44.9,21.2
닭꼬치,70,176.72,11.56,8.57,11.56,8.57,13.35,3.15
더덕구이,100,184.0,3.1,5.2,3.1,5.2,31.1,11.6
소양념갈비구이,300,989.15,60.1,71.6,60.1,71.6,26.2,13.9
양념장어구이,150,433.35,30.77,30.56,30.77,30.56,8.8,4.18
임연수구이,250,494.0,53.8,29.4,53.8,29.4,3.5,0.0
햄버그스테이크,200,457.7,26.96,29.65,26.96,29.65,20.76,5.33
황태구이,200,437.57,47.8,15.4,47.8,15.4,26.9,14.2
훈제오리,250,797.14,43.06,64.07,43.06,64.07,12.08,0.27
굴국밥,650,683.0,42.4,17.8,42.4,17.8,88.4,0.3
김치국,450,89.0,5.4,2.8,5.4,2.8,10.5,2.9
떡만둣국,700,624.92,20.06,11.32,20.06,11.32,110.71,0.16
만둣국,700,434.05,21.43,17.44,21.43,17.44,47.83,3.05
맑은감자국,700,221.0,8.3,5.5,8.3,5.5,34.6,5.2
무된장국,450,104.0,6.1,2.4,6.1,2.4,14.7,5.9
미소된장국,150,38.0,2.8,1.8,2.8,1.8,2.8,0.7
바지락조개국,550,157.0,22.0,3.1,22.0,3.1,10.1,1.3
뼈다귀해장국,1000,714.0,74.6,35.7,74.6,35.7,23.4,5.7
선지해장국,1000,312.0,49.3,5.4,49.3,5.4,16.7,3.9
소고기무국,400,123.0,14.2,4.0,14.2,4.0,7.8,3.5
시래기된장국,450,99.0,6.7,3.1,6.7,3.1,11.0,1.3
우거지해장국,600,154.38,11.9,5.9,11.9,5.9,13.5,2.5
우렁된장국,500,245.0,24.6,7.7,24.6,7.7,19.2,3.6
홍합미역국,650,167.0,19.7,4.7,19.7,4.7,11.6,0.0
황태해장국,600,181.7,24.5,6.8,24.5,6.8,5.7,1.5
고추잡채,200,256.77,10.99,12.01,10.99,12.01,26.17,2.09
난자완스,200,346.25,21.63,20.35,21.63,20.35,19.15,0.49
라조기,200,398.99,20.66,23.49,20.66,23.49,26.23,0.15
생선물회,800,577.97,34.3,12.3,34.3,12.3,82.5,52.0
소고기샤브샤브,600,263.75,29.1,9.8,29.1,9.8,14.7,2.4
해파리냉채,150,91.0,6.2,1.4,6.2,1.4,13.4,11.4
고들빼기,50,55.53,1.58,0.61,1.58,0.61,10.93,2.84
열무얼갈이김치,50,17.68,1.07,0.33,1.07,0.33,2.61,0.46
미나리나물,50,29.53,1.02,1.83,1.02,1.83,2.24,0.0
취나물,50,74.1,1.37,6.15,1.37,6.15,3.31,0.0
경단(깨),100,319.47,4.44,0.54,4.44,0.54,74.22,26.64
경단(콩),100,314.32,3.51,0.46,3.51,0.46,74.03,20.55
기피편,100,219.97,5.45,0.25,5.45,0.25,48.99,2.08
녹두시루떡,100,246.07,7.74,2.53,7.74,2.53,48.08,4.05
메밀전병,100,167.83,6.18,6.29,6.18,6.29,21.62,0.62
무지개떡,100,228.97,3.53,0.31,3.53,0.31,53.01,8.99
송편(깨),100,224.15,4.92,2.74,4.92,2.74,44.96,1.15
송편(콩),100,194.33,5.24,0.75,5.24,0.75,41.66,1.26
수수부꾸미,100,247.89,5.73,6.29,5.73,6.29,42.1,0.24
수수팥떡,100,204.24,6.7,0.59,6.7,0.59,43.03,2.82
시루떡,100,217.48,5.47,0.61,5.47,0.61,47.54,3.22
쑥떡,100,248.63,3.36,0.4,3.36,0.4,57.89,10.72
절편,100,192.89,3.64,0.28,3.64,0.28,43.94,0.07
찹쌀떡,100,276.87,3.26,0.15,3.26,0.15,65.61,17.54
간자장,650,824.54,22.33,22.03,22.33,22.03,134.22,12.16
굴짬뽕,900,680.67,32.87,9.6,32.87,9.6,115.69,1.7
기스면,1000,606.93,37.82,10.72,37.82,10.72,89.79,0.5
김치라면,650,552.0,13.8,16.9,13.8,16.9,86.2,1.2
김치우동,800,500.18,15.55,4.6,15.55,4.6,99.14,2.13
냉김치말이국수,600,302.53,12.9,4.8,12.9,4.8,52.0,8.3
닭칼국수,900,663.0,42.2,12.8,42.2,12.8,94.7,5.3
둘깨칼국수,600,457.88,17.6,16.5,17.6,16.5,59.8,1.4
삼선우동,1000,691.66,47.94,8.48,47.94,8.48,105.9,0.8
삼선자장면,700,803.9,33.64,18.14,33.64,18.14,126.53,10.15
삼선짬뽕,900,662.37,39.63,10.77,39.63,10.77,101.73,1.09
쌀국수,600,320.32,15.6,4.2,15.6,4.2,55.1,4.3
열무김치국수,800,431.0,15.0,10.2,15.0,10.2,69.6,18.6
열무냉면,800,525.49,20.84,5.78,20.84,5.78,97.52,27.15
오일소스스파게티,400,646.74,19.56,23.43,19.56,23.43,89.42,1.41
우동(일식),700,421.51,13.39,7.91,13.39,7.91,74.2,2.48
우동(중식),1000,648.47,29.45,21.02,29.45,21.02,85.37,1.1
울면,1000,728.86,37.46,7.37,37.46,7.37,128.18,0.5
자장면,650,796.5,19.77,20.32,19.77,20.32,133.63,7.8
짬뽕라면,750,689.0,21.3,26.3,21.3,26.3,92.0,1.6
치즈라면,600,595.0,16.8,23.0,16.8,23.0,80.0,0.9
크림소스스파게티,400,837.57,21.79,50.59,21.79,50.59,73.76,9.17
토마토소스스파게티,500,642.58,24.35,19.15,24.35,19.15,93.2,15.6
해물칼국수,900,628.26,22.8,4.61,22.8,4.61,123.9,3.81
해물크림소스스파게티,500,917.57,30.39,49.79,30.39,49.79,86.97,8.36
해물토마토소스스파게티,500,584.44,27.97,13.73,27.97,13.73,87.24,13.48
골뱅이무침,100,108.79,7.08,1.97,7.08,1.97,15.69,10.46
노각무침,150,84.0,2.6,1.8,2.6,1.8,14.3,7.1
단무지무침,50,20.0,0.5,0.8,0.5,0.8,2.8,0.7
달래나물무침,150,136.0,4.0,2.8,4.0,2.8,23.8,11.2
더덕무침,150,216.0,4.3,2.8,4.3,2.8,43.4,20.2
도토리묵,100,45.6,0.29,0.32,0.29,0.32,10.38,0.43
쑥갓나물무침,150,96.0,4.5,5.7,4.5,5.7,6.6,0.3
쥐치채,20,55.92,2.75,0.15,2.75,0.15,10.89,4.55
청포묵무침,250,149.0,2.9,5.2,2.9,5.2,22.7,1.8
탕평채,100,97.5,3.55,3.81,3.55,3.81,12.26,0.39
홍어무침,200,198.94,17.85,2.63,17.85,2.63,25.95,14.46
고추장불고기삼각김밥,100,165.29,3.66,1.58,3.66,1.58,34.11,0.21
농어초밥,250,396.74,17.43,1.34,17.43,1.34,78.75,13.01
류산슬덮밥,550,574.99,26.96,19.04,26.96,19.04,73.95,0.42
멸치주먹밥,150,312.0,9.0,6.6,9.0,6.6,54.3,0.9
문어초밥,250,392.23,14.61,0.74,14.61,0.74,81.78,13.38
삼선볶음밥,400,686.11,26.24,26.46,26.24,26.46,85.75,1.58
새우초밥,250,387.67,16.8,0.75,16.8,0.75,78.42,11.65
새우튀김롤,300,606.5,14.47,18.17,14.47,18.17,96.28,11.14
샐러드김밥,250,405.95,9.62,13.52,9.62,13.52,61.45,3.42
생선초밥(광어),300,453.78,27.07,3.92,27.07,3.92,77.55,7.7
생선초밥(모듬),300,461.97,25.42,6.06,25.42,6.06,76.43,8.65
소고기국밥,700,330.53,21.8,8.1,21.8,8.1,42.6,2.8
소고기김밥,250,400.61,15.98,9.63,15.98,9.63,62.52,0.84
송이덮밥,600,581.81,18.21,14.06,18.21,14.06,95.6,2.27
숯불갈비삼각김밥,100,161.24,4.0,1.67,4.0,1.67,32.55,0.16
연어롤,300,510.19,18.57,15.4,18.57,15.4,74.32,8.47
연어초밥,250,447.32,18.88,9.74,18.88,9.74,71.04,12.88
오곡밥,250,388.82,11.95,1.3,11.95,1.3,82.32,0.17
자장밥,500,741.66,15.24,22.28,15.24,22.28,120.06,5.37
잡탕밥,750,777.44,44.12,20.13,44.12,20.13,104.94,0.48
장어덮밥,400,716.54,30.09,22.98,30.09,22.98,97.35,5.59
장어초밥,250,486.26,16.52,10.83,16.52,10.83,80.68,13.67
참치덮밥,500,679.1,29.2,16.73,29.2,16.73,102.93,2.98
참치마요네즈삼각김밥,100,172.4,3.94,3.2,3.94,3.2,31.95,0.02
충무김밥,400,583.93,23.42,5.96,23.42,5.96,109.16,17.19
캘리포니아롤,300,487.64,12.33,9.05,12.33,9.05,89.23,8.9
한치초밥,250,374.18,13.71,0.85,13.71,0.85,77.92,13.13
해물덮밥,700,771.93,42.04,22.44,42.04,22.44,100.45,1.19
해물볶음밥,400,705.22,25.1,27.0,25.1,27.0,90.46,1.22
회덮밥,500,683.02,30.21,16.55,30.21,16.55,103.3,10.93
깻잎나물볶음,200,206.0,7.5,14.4,7.5,14.4,11.5,0.6
돼지고기볶음,200,350.67,22.96,20.67,22.96,20.67,18.21,8.2
돼지껍데기볶음,150,352.0,25.8,16.7,25.8,16.7,24.5,5.5
두부김치,250,288.21,19.47,17.11,19.47,17.11,14.08,1.49
머위나물볶음,150,108.0,3.5,7.0,3.5,7.0,7.6,1.8
멸치풋고추볶음,20,52.38,4.65,2.24,4.65,2.24,3.41,1.43
소세지볶음,200,471.0,18.8,29.9,18.8,29.9,31.8,8.9
순대볶음,400,582.0,20.7,21.3,20.7,21.3,76.7,5.4
양송이버섯볶음,150,136.0,4.5,8.3,4.5,8.3,11.0,1.2
오삼불고기,200,363.0,25.6,19.9,25.6,19.9,20.5,7.6
주꾸미볶음,200,211.41,18.33,5.2,18.33,5.2,22.82,5.06
표고버섯볶음,150,142.0,4.5,6.7,4.5,6.7,15.8,2.6
해물볶음,400,419.06,38.2,15.3,38.2,15.3,32.2,7.4
곰보빵,70,277.34,6.31,9.27,6.31,9.27,42.16,11.73
만주,70,222.49,5.13,1.64,5.13,1.64,46.8,22.45
버터크림빵,60,229.96,4.91,11.04,4.91,11.04,27.74,7.19
불고기피자,200,505.0,27.4,16.7,27.4,16.7,61.2,9.2
참치샌드위치,250,555.0,23.3,35.1,23.3,35.1,36.5,10.1
찹쌀도우넛,70,207.05,3.53,3.68,3.53,3.68,39.95,12.13
채소고로케,100,300.65,7.13,16.38,7.13,16.38,31.19,3.37
초콜릿케이크,100,420.24,5.31,24.96,5.31,24.96,43.6,23.13
치즈케이크,100,329.14,7.23,20.63,7.23,20.63,28.64,15.28
치즈피자,200,553.0,31.4,15.8,31.4,15.8,71.2,6.8
페이스트리빵,70,319.59,5.99,18.4,5.99,18.4,32.52,5.75
페퍼로니피자,200,532.0,29.4,14.8,29.4,14.8,70.3,7.5
포테이토피자,250,628.0,28.0,25.5,28.0,25.5,71.6,8.5
수정과,150,133.0,0.6,5.47,0.6,5.47,20.34,20.69
식혜,150,130.14,2.3,2.63,2.3,2.63,24.32,17.04
간장마늘쫑장아찌,50,30.0,1.0,0.5,1.0,0.5,5.4,3.9
고추장마늘쫑장아찌,50,55.0,1.3,0.9,1.3,0.9,10.5,5.6
매실장아찌,30,72.88,0.5,0.13,0.5,0.13,17.43,11.45
무장아찌,30,23.92,0.44,0.23,0.44,0.23,5.03,2.88
낙지꼬지,80,75.35,13.14,1.28,13.14,1.28,2.83,0.0
소고기산적,200,453.07,48.41,25.57,48.41,25.57,7.33,0.0
소라산적,80,120.1,17.92,2.51,17.92,2.51,6.45,0.85
오징어산적,80,101.71,17.37,1.98,17.37,1.98,3.6,0.92
홍합산적,80,156.66,17.78,4.8,17.78,4.8,10.58,3.34
가자미전,150,230.28,25.76,11.06,25.76,11.06,6.91,0.3
고추전,150,274.69,12.91,17.22,12.91,17.22,17.01,2.17
굴전,100,195.0,10.6,10.5,10.6,10.5,14.5,1.3
깻잎전,150,361.1,17.74,25.78,17.74,25.78,14.54,1.06
녹두빈대떡,100,207.94,7.94,10.27,7.94,10.27,20.93,0.1
동그랑땡(육원전),150,309.2,19.62,20.0,19.62,20.0,12.68,0.98
동태전,150,268.05,22.64,15.04,22.64,15.04,10.54,0.22
두부전,150,254.64,20.46,15.87,20.46,15.87,7.5,0.03
미나리전,150,226.41,5.24,7.62,5.24,7.62,34.23,1.74
배추전,150,240.75,5.17,8.67,5.17,8.67,35.52,5.02
버섯전,150,240.69,10.52,14.87,10.52,14.87,16.19,2.74
야채전,100,194.0,5.4,9.5,5.4,9.5,21.6,2.4
파전,150,292.8,6.83,14.03,6.83,14.03,34.81,0.79
햄부침,100,244.0,11.3,17.1,11.3,17.1,11.3,1.0
호박부침개,100,129.0,3.9,8.1,3.9,8.1,10.1,3.6
호박전,150,208.1,6.48,13.09,6.48,13.09,16.1,2.85
화양적,150,272.65,13.58,14.77,13.58,14.77,21.35,1.21
가자미조림,300,297.98,37.1,7.1,37.1,7.1,21.5,10.5
고추조림,100,111.0,3.3,4.9,3.3,4.9,13.4,7.1
동태조림,250,276.0,40.8,4.7,40.8,4.7,17.4,10.2
돼지고기메추리알장조림,50,63.49,8.34,1.85,8.34,1.85,3.37,1.27
북어조림,100,181.86,20.83,3.33,20.83,3.33,17.14,8.2
소고기메추리알장조림,50,60.65,8.14,1.84,8.14,1.84,2.88,0.71
조기조림,300,384.0,41.1,18.8,41.1,18.8,12.8,4.5
게살죽,800,564.83,17.9,7.09,17.9,7.09,107.35,0.17
깨죽,800,515.35,13.66,15.94,13.66,15.94,79.31,3.59
소고기버섯죽,800,578.28,18.75,7.47,18.75,7.47,109.03,0.26
잣죽,700,874.48,19.18,19.63,19.18,19.63,155.28,2.36
참치죽,800,659.6,24.19,16.06,24.19,16.06,104.57,1.36
고등어찌개,600,601.62,48.9,33.7,48.9,33.7,25.6,7.4
김치찌개,400,243.03,15.07,15.0,15.07,15.0,11.93,3.02
꽁치찌개,300,355.0,24.0,23.3,24.0,23.3,12.2,5.9
두부전골,500,315.16,25.6,16.1,25.6,16.1,17.1,3.5
버섯찌개,400,167.56,14.7,5.2,14.7,5.2,15.4,4.4
새우젓두부찌개,300,166.0,16.2,8.1,16.2,8.1,7.2,1.7
소곱창전골,600,529.0,41.6,27.3,41.6,27.3,29.2,2.3
햄김치찌개,300,189.0,11.1,10.4,11.1,10.4,12.7,3.6
호박찌개,300,95.0,5.6,2.6,5.6,2.6,12.2,5.8
대구찜,500,376.42,51.7,7.9,51.7,7.9,24.7,5.7
동태찜,500,394.32,50.9,9.7,50.9,9.7,25.8,5.7
돼지등갈비찜,450,961.04,72.1,49.2,72.1,49.2,57.4,24.1
돼지머리고기,200,650.0,42.4,52.0,42.4,52.0,3.5,0.1
북어찜,150,235.0,28.1,5.7,28.1,5.7,18.0,6.4
소갈비찜,250,494.6,49.86,26.96,49.86,26.96,13.14,4.32
순대,300,542.42,19.56,25.64,19.56,25.64,58.36,3.5
아구찜,400,310.87,48.3,5.31,48.3,5.31,17.47,0.69
조기찜,100,182.12,20.06,10.59,20.06,10.59,1.64,0.0
참꼬막,80,90.79,12.47,2.5,12.47,2.5,4.59,0.0
해물찜,500,400.08,42.6,9.8,42.6,9.8,35.4,5.5
광어매운탕,600,419.79,58.42,16.62,58.42,16.62,9.13,1.42
낙지탕,600,187.8,29.4,3.2,29.4,3.2,10.4,1.9
대구매운탕,600,361.75,57.36,7.21,57.36,7.21,16.84,1.09
대구지리탕,600,262.02,41.6,6.2,41.6,6.2,9.9,1.5
메기매운탕,600,400.0,28.6,10.2,28.6,10.2,48.6,5.7
복지리탕,600,232.05,41.7,2.7,41.7,2.7,10.3,1.4
소탕,150,86.37,7.66,5.35,7.66,5.35,1.9,0.03
아구탕,600,246.07,37.8,4.9,37.8,4.9,12.8,1.8
어탕,150,85.87,12.7,3.09,12.7,3.09,1.82,0.0
연포탕,1000,541.64,94.9,9.03,94.9,9.03,20.19,0.23
우럭매운탕,600,406.82,52.15,17.03,52.15,17.03,11.24,1.08
전복탕,600,196.85,26.8,3.0,26.8,3.0,15.8,1.3
조기매운탕,600,384.38,35.1,19.4,35.1,19.4,17.3,4.3
해물탕,600,267.81,39.8,4.7,39.8,4.7,16.6,0.8
고구마맛탕,200,491.0,3.3,11.0,3.3,11.0,94.6,38.7
고구마튀김,100,252.96,2.72,11.87,2.72,11.87,33.8,7.72
고추튀김,100,202.0,7.6,12.6,7.6,12.6,14.6,2.3
닭튀김,300,903.0,65.2,49.7,65.2,49.7,48.8,1.5
등심돈가스,200,623.83,32.99,37.54,32.99,37.54,38.49,3.66
미꾸라지튀김,100,387.49,10.89,25.39,10.89,25.39,28.85,0.3
생선까스,200,653.44,24.33,41.1,24.33,41.1,46.56,1.96
안심돈가스,200,651.75,33.28,42.4,33.28,42.4,34.25,2.77
양념치킨,200,552.0,35.5,26.8,35.5,26.8,42.3,12.5
쥐포튀김,100,356.91,9.62,16.49,9.62,16.49,42.5,7.96
치즈돈가스,250,755.37,42.02,46.69,42.02,46.69,41.76,3.57
치킨까스,200,593.0,27.91,33.92,27.91,33.92,44.02,4.15
대구포,100,140.84,31.97,0.4,31.97,0.4,2.33,0.0
매작과,30,123.86,2.25,3.95,2.25,3.95,19.83,4.93
산자,30,109.71,0.69,0.93,0.69,0.93,24.65,9.4
송화다식,30,110.83,2.49,1.34,2.49,1.34,22.19,8.0
약과,30,119.73,1.26,1.43,1.26,1.43,25.47,5.07
유과,30,127.09,0.84,3.85,0.84,3.85,22.27,7.24
가래떡,100,195.16,3.92,0.51,3.92,0.51,43.73,0.0
깨송편,100,219.01,4.65,3.23,4.65,3.23,42.83,1.98
꿀떡,100,228.48,3.74,1.73,3.74,1.73,49.48,0.29
모듬찰떡,100,218.16,6.78,2.44,6.78,2.44,42.27,2.98
백설기,100,229.5,3.71,1.45,3.71,1.45,50.4,0.11
쑥절편,100,192.12,7.72,2.42,7.72,2.42,34.87,0.25
약식,100,219.87,4.21,2.45,4.21,2.45,45.24,13.24
인절미,100,242.26,5.64,2.16,5.64,2.16,50.07,6.35
증편,100,200.1,3.17,1.2,3.17,1.2,44.15,3.19
찐감자,200,140.18,4.32,0.31,4.32,0.31,30.02,1.71
찐고구마,200,277.31,3.34,0.47,3.34,0.47,64.94,32.64
찐옥수수,200,370.54,13.36,4.84,13.36,4.84,68.39,4.72
참깨경단,100,239.92,6.28,6.72,6.28,6.72,38.58,0.61
팥시루떡,100,224.23,3.77,1.85,3.77,1.85,48.13,0.04
팥찹쌀떡,100,294.75,5.06,2.53,5.06,2.53,62.93,25.95
가자미구이,200,245.31,37.4,10.04,37.4,10.04,1.32,0.0
간장양념닭다리구이,300,740.27,68.9,46.94,68.9,46.94,10.56,13.13
갈치구이,200,275.69,43.07,10.95,43.07,10.95,1.2,0.0
고등어구이,200,551.8,47.65,39.95,47.65,39.95,0.4,0.45
고등어석쇠구이,200,679.62,46.75,51.37,46.75,51.37,7.57,0.0
굴비구이,150,291.73,28.02,19.9,28.02,19.9,0.14,0.37
꽁치구이,200,604.84,49.36,43.37,49.36,43.37,4.27,0.0
닭고기대파꼬치구이,170,416.63,30.34,24.99,30.34,24.99,17.59,2.82
닭구이,340,872.3,89.1,45.54,89.1,45.54,26.52,0.0
닭발구이,220,431.43,39.92,20.71,39.92,20.71,21.34,0.68
돼지갈비구이,300,881.09,84.72,55.61,84.72,55.61,10.43,14.43
돼지고기산적,170,339.25,49.41,14.56,49.41,14.56,2.64,0.1
돼지불고기,200,449.57,29.71,33.15,29.71,33.15,8.1,9.26
등심스테이크,200,388.0,60.44,16.13,60.44,16.13,0.28,0.0
런천미트구이,160,484.35,28.09,39.01,28.09,39.01,5.23,2.73
뱅어포구이,70,262.0,24.06,10.62,24.06,10.62,17.55,11.14
버섯구이,80,41.71,4.13,1.1,4.13,1.1,3.82,0.09
삼겹살고추장구이,200,805.66,28.42,65.66,28.42,65.66,25.25,11.45
삼겹살구이,200,933.52,45.11,83.37,45.11,83.37,0.69,0.0
삼치구이,200,355.16,42.83,19.14,42.83,19.14,2.89,0.43
새송이버섯구이,80,66.92,3.43,1.77,3.43,1.77,9.33,3.63
새우구이,180,260.76,42.13,7.99,42.13,7.99,5.07,0.06
쇠갈비구이,300,722.95,77.73,43.66,77.73,43.66,4.76,0.78
쇠곱창구이,150,275.96,22.33,17.59,22.33,17.59,7.07,1.67
쇠불고기,200,339.22,32.82,19.32,32.82,19.32,8.51,6.48
안심스테이크,200,366.42,69.63,9.65,69.63,9.65,0.25,0.0
오리고기구이,200,586.08,48.12,39.39,48.12,39.39,9.77,0.0
오리불고기,250,361.52,16.87,22.62,16.87,22.62,22.62,15.73
장어고추장구이,100,258.89,19.82,17.21,19.82,17.21,6.18,0.44
조기구이,180,318.2,34.8,19.54,34.8,19.54,0.79,0.0
조미김,5,23.5,1.02,1.51,1.02,1.51,1.45,0.01
쥐포구이,70,238.58,21.67,0.25,21.67,0.25,37.42,23.15
참치머리구이,180,346.8,47.81,16.16,47.81,16.16,2.52,0.0
치킨데리야끼,340,707.64,56.23,30.65,56.23,30.65,51.71,0.39
키조개구이,180,234.13,31.38,3.72,31.38,3.72,18.79,6.48
표고버섯구이,80,79.6,3.47,0.85,3.47,0.85,14.51,1.12
함박스테이크,200,347.37,24.2,21.45,24.2,21.45,14.38,0.11
햄구이,170,577.05,26.02,51.39,26.02,51.39,2.61,3.26
갈비탕,670,363.24,57.0,13.83,57.0,13.83,2.68,0.77
감자된장국,400,98.19,4.34,2.41,4.34,2.41,14.78,3.09
감잣국,400,82.47,3.59,1.05,3.59,1.05,14.67,3.41
곰탕,600,145.15,20.57,6.69,20.57,6.69,0.66,0.0
굴무국,500,123.09,12.04,1.82,12.04,1.82,14.63,0.72
근대된장국,400,38.84,3.49,1.56,3.49,1.56,2.71,3.31
김치콩나물국,400,48.33,3.27,1.86,3.27,1.86,4.61,1.97
김칫국,400,90.78,5.36,3.03,5.36,3.03,10.52,0.13
꼬리곰탕,500,135.9,22.51,3.22,22.51,3.22,4.23,0.0
냉이된장국,400,86.47,6.85,2.65,6.85,2.65,8.81,1.18
달걀국,400,52.37,3.73,2.94,3.73,2.94,2.74,0.0
닭개장,700,142.98,19.17,2.97,19.17,2.97,9.88,4.0
닭곰탕,650,330.4,48.8,9.24,48.8,9.24,13.01,1.93
대합미역국,400,44.84,4.93,1.8,4.93,1.8,2.24,0.05
도가니탕,500,198.17,41.76,1.63,41.76,1.63,4.1,0.0
동태국,400,66.87,9.66,0.64,9.66,0.64,5.61,0.0
메밀묵국,400,87.38,3.99,1.59,3.99,1.59,14.26,1.12
무시래기된장국,400,61.11,5.22,0.86,5.22,0.86,8.11,0.0
미역국,400,46.36,2.58,2.45,2.58,2.45,3.49,1.08
미역냉국,350,128.81,0.66,2.34,0.66,2.34,26.28,15.7
미역된장국,400,96.16,6.25,3.86,6.25,3.86,9.1,2.43
미역오이냉국,350,21.8,1.31,0.52,1.31,0.52,2.98,2.42
배추된장국,400,79.08,5.85,1.6,5.85,1.6,10.33,0.0
북엇국,400,111.03,15.56,3.93,15.56,3.93,3.36,0.46
뼈해장국,800,206.01,25.55,7.77,25.55,7.77,8.46,5.07
사골국,400,220.99,22.25,9.67,22.25,9.67,11.24,0.0
삼계탕,900,911.39,96.09,43.19,96.09,43.19,34.57,4.03
새우미역국,400,63.22,4.35,1.84,4.35,1.84,7.31,0.0
새우탕,500,163.1,25.84,2.19,25.84,2.19,10.0,0.3
선짓국(선지해장국),600,173.84,23.18,5.73,23.18,5.73,7.39,0.0
설렁탕,500,118.37,21.3,2.88,21.3,2.88,1.8,0.0
쇠고기무국,400,61.53,5.3,2.54,5.3,2.54,4.38,0.0
쇠고기미역국,400,52.03,7.42,1.03,7.42,1.03,3.28,2.08
쇠고기배춧국,400,62.29,7.34,1.63,7.34,1.63,4.57,0.0
순댓국,600,509.46,14.1,10.47,14.1,10.47,89.71,1.58
순두부달걀탕,350,102.39,6.23,7.14,6.23,7.14,3.29,0.0
시금치된장국,400,37.98,4.07,0.67,4.07,0.67,3.91,0.44
쑥된장국,400,60.64,4.88,1.87,4.88,1.87,6.08,2.92
아욱된장국,400,81.83,9.1,2.23,9.1,2.23,6.34,0.44
애호박된장국,400,122.91,13.35,5.23,13.35,5.23,5.62,1.97
어묵국,350,106.95,5.2,3.61,5.2,3.61,13.41,0.25
얼갈이배춧국,400,36.23,2.0,1.62,2.0,1.62,3.41,0.22
오이냉국,350,38.17,1.47,2.4,1.47,2.4,2.67,3.11
오징어국,500,91.91,11.1,3.67,11.1,3.67,3.63,1.2
우거지곰탕,350,88.55,8.29,2.1,8.29,2.1,9.11,1.17
우거지된장국,400,78.61,11.08,2.35,11.08,2.35,3.29,2.5
육개장,440,130.33,16.21,4.37,16.21,4.37,6.54,3.33
일본된장국,200,20.6,1.42,1.46,1.42,1.46,0.45,0.51
재첩국,350,81.91,2.33,1.0,2.33,1.0,15.9,0.0
조갯국,400,62.72,6.67,3.57,6.67,3.57,0.99,0.71
콩나물국,400,24.66,2.95,0.35,2.95,0.35,2.44,0.65
콩나물된장국,400,123.17,10.31,4.45,10.31,4.45,10.46,2.11
토란국,400,62.09,4.01,0.49,4.01,0.49,10.42,1.07
해물된장국,400,111.58,8.38,3.9,8.38,3.9,10.73,1.79
호박잎된장국,350,23.1,1.41,1.11,1.41,1.11,1.88,0.25
홍합무국,350,87.05,2.76,7.11,2.76,7.11,3.0,0.83
갓김치,40,16.53,1.03,0.54,1.03,0.54,1.88,0.47
고들빼기김치,50,35.27,1.5,0.69,1.5,0.69,5.76,2.2
깍두기,50,16.4,0.78,0.53,0.78,0.53,2.12,1.27
깻잎김치,50,31.15,1.41,0.86,1.41,0.86,4.46,2.02
나박김치,100,9.82,0.46,0.38,0.46,0.38,1.15,0.34
돌나물물김치,400,19.78,1.25,0.31,1.25,0.31,3.0,1.4
동치미,200,27.21,0.58,0.74,0.58,0.74,4.55,2.9
배추김치,40,10.66,0.68,0.31,0.68,0.31,1.27,0.95
백김치,90,16.56,0.92,0.51,0.92,0.51,2.06,0.7
보쌈김치,90,27.21,1.97,0.65,1.97,0.65,3.36,1.52
부추김치,50,23.33,1.34,0.58,1.34,0.58,3.18,2.04
얼갈이배추김치,80,50.46,1.27,1.16,1.27,1.16,8.75,0.3
열무김치,40,10.71,0.72,0.49,0.72,0.49,0.86,0.17
오이김치,70,26.54,1.44,0.56,1.44,0.56,3.95,1.66
오이소박이,100,32.38,1.73,0.86,1.73,0.86,4.43,3.4
총각김치,70,22.89,0.98,0.52,0.98,0.52,3.57,1.34
파김치,30,13.32,0.77,0.58,0.77,0.58,1.26,0.45
가죽나물무침,80,60.54,4.66,1.08,4.66,1.08,8.04,3.05
가지나물무침,50,17.95,0.71,0.75,0.71,0.75,2.09,1.17
건취나물무침,50,44.4,1.81,2.7,1.81,2.7,3.2,0.0
고구마줄기나물무침,50,41.64,0.49,3.5,0.49,3.5,2.05,0.0
고사리나물무침,50,44.97,1.89,2.76,1.89,2.76,3.14,0.25
고춧잎나물무침,90,79.55,3.97,4.22,3.97,4.22,6.43,1.36
깻잎나물무침,50,38.76,1.34,2.59,1.34,2.59,2.52,1.02
냉이나물무침,60,66.3,3.01,1.84,3.01,1.84,9.42,6.27
도라지나물무침,50,65.04,1.24,3.76,1.24,3.76,6.56,0.45
머위대나물무침,50,28.95,1.98,1.28,1.98,1.28,2.38,0.17
무나물무침,50,10.56,0.31,0.23,0.31,0.23,1.82,1.65
방풍나물무침,80,60.76,3.51,1.38,3.51,1.38,8.59,2.33
배추나물무침,80,49.19,1.61,1.75,1.61,1.75,6.76,4.99
비름나물무침,80,58.48,2.77,3.24,2.77,3.24,4.56,0.69
숙주나물무침,50,17.5,1.11,0.79,1.11,0.79,1.48,0.79
시금치나물무침,50,34.28,1.87,2.23,1.87,2.23,1.68,0.05
시래기나물무침,50,56.84,2.16,3.64,2.16,3.64,3.87,0.27
씀바귀나물무침,90,87.63,3.48,1.56,3.48,1.56,14.91,1.15
애호박볶음,50,29.52,0.66,1.81,0.66,1.81,2.65,0.21
열무나물무침,90,74.13,3.52,4.77,3.52,4.77,4.28,0.54
열무된장나물무침,90,61.23,3.34,3.68,3.34,3.68,3.68,0.66
오이나물무침,80,66.15,1.46,6.53,1.46,6.53,0.37,1.79
유채나물무침,90,86.24,5.22,4.14,5.22,4.14,7.04,1.78
참나물무침,90,53.85,2.26,3.32,2.26,3.32,3.73,0.6
취나물된장무침,90,39.38,2.77,1.49,2.77,1.49,3.71,0.76
콩나물고춧가루무침,90,83.58,3.54,5.34,3.54,5.34,5.34,1.71
콩나물무침,50,34.54,1.93,2.27,1.93,2.27,1.6,0.25
토란대나물무침,90,61.11,4.63,3.04,4.63,3.04,3.8,0.35
톳나물무침,90,67.82,1.68,1.88,1.68,1.88,11.05,6.25
간짜장,500,625.08,25.59,24.45,25.59,24.45,75.67,4.28
고기만두,220,350.25,27.23,9.8,27.23,9.8,38.28,0.35
군만두,220,514.51,15.46,25.29,15.46,25.29,56.26,6.1
김치만두,220,334.15,22.53,10.47,22.53,10.47,37.44,0.77
달걀라면,550,596.11,14.36,17.5,14.36,17.5,95.29,0.99
떡국,700,588.01,24.01,3.74,24.01,3.74,114.57,0.57
떡라면,550,525.49,11.21,16.07,11.21,16.07,84.01,0.0
떡만두국,600,666.99,21.18,23.44,21.18,23.44,92.83,0.07
라면,550,450.91,9.48,12.52,9.48,12.52,75.08,0.0
막국수,600,799.33,34.81,9.63,34.81,9.63,143.37,29.28
만두,220,397.27,19.05,17.99,19.05,17.99,39.79,0.0
메밀국수,350,221.87,10.98,1.01,10.98,1.01,42.21,0.0
물냉면,700,383.98,13.75,4.49,13.75,4.49,72.15,31.63
물만두,230,448.16,18.53,25.6,18.53,25.6,35.9,4.89
미트볼토마토스파게티,500,898.82,36.7,44.41,36.7,44.41,88.08,4.45
바지락칼국수,700,576.77,24.04,3.71,24.04,3.71,111.81,1.23
볶음우동,300,385.41,8.41,6.04,8.41,6.04,74.36,1.28
비빔국수,500,512.46,15.06,4.75,15.06,4.75,102.36,20.53
비빔냉면,500,499.16,28.33,13.21,28.33,13.21,66.74,20.1
사골만두국,700,606.93,26.19,27.97,26.19,27.97,62.6,0.44
수제비,650,378.28,14.99,3.35,14.99,3.35,72.04,0.0
월남쌈,250,293.84,14.86,12.43,14.86,12.43,30.63,13.74
잔치국수,700,310.2,13.53,3.41,13.53,3.41,56.34,0.3
쟁반국수,450,535.45,30.05,20.51,30.05,20.51,57.66,36.53
짜장면,600,529.18,16.15,13.3,16.15,13.3,86.22,36.43
짬뽕,800,464.46,22.3,12.34,22.3,12.34,66.06,12.52
쫄면,550,706.96,17.68,13.84,17.68,13.84,127.91,19.32
칼국수,700,540.65,23.09,3.46,23.09,3.46,104.28,0.0
콩국수,800,651.57,31.2,26.81,31.2,26.81,71.37,1.95
회냉면,500,741.26,29.04,20.11,29.04,20.11,111.04,14.21
검정콩밥,200,330.61,9.06,2.23,9.06,2.23,68.59,0.0
계란볶음밥,260,584.71,17.22,29.32,17.22,29.32,62.99,0.44
고추김밥,290,490.73,14.14,12.78,14.14,12.78,79.8,0.27
기장밥,200,331.91,6.87,1.14,6.87,1.14,73.53,0.0
김밥,230,322.56,11.14,10.47,11.14,10.47,45.95,0.0
김치김밥,270,351.43,11.61,10.88,11.61,10.88,51.76,0.79
김치볶음밥,330,550.64,17.56,30.3,17.56,30.3,51.93,45.85
낙지덮밥,350,525.24,20.58,11.69,20.58,11.69,84.42,7.55
날치알김밥,260,461.27,15.86,11.08,15.86,11.08,74.52,3.71
닭고기덮밥,410,510.58,46.75,8.94,46.75,8.94,60.77,4.39
돈까스김밥,320,646.18,18.45,18.6,18.45,18.6,101.24,4.24
돌솥비빔밥,380,558.1,20.5,11.22,20.5,11.22,93.77,4.73
돼지머리국밥,900,1233.32,60.34,46.47,60.34,46.47,143.42,1.46
모듬회덮밥,410,593.54,37.32,17.01,37.32,17.01,72.8,12.57
무밥,200,266.19,7.33,1.28,7.33,1.28,56.34,0.0
보리밥,200,321.63,5.8,0.48,5.8,0.48,73.54,5.14
볶음밥,350,640.48,19.47,9.67,19.47,9.67,118.88,0.0
불고기덮밥,400,728.18,26.39,21.25,26.39,21.25,107.84,0.28
비빔밥,450,637.54,30.89,19.44,30.89,19.44,84.76,0.22
새우볶음밥,370,635.75,23.33,22.7,23.33,22.7,84.54,2.63
생선모듬초밥,380,607.45,36.71,6.06,36.71,6.06,101.52,5.32
쇠머리국밥,1000,239.21,15.83,7.53,15.83,7.53,27.04,0.0
쇠고기김밥,250,447.51,16.16,13.9,16.16,13.9,64.44,0.07
쇠고기볶음밥,260,456.99,19.74,16.86,19.74,16.86,56.58,0.22
쇠고기주먹밥,200,355.16,9.52,4.36,9.52,4.36,69.45,0.45
수수밥,200,321.89,6.31,1.83,6.31,1.83,70.04,0.15
순대국밥,900,673.09,28.56,20.56,28.56,20.56,93.46,1.51
알밥,330,422.13,15.61,16.86,15.61,16.86,51.99,7.6
영양돌솥밥,350,643.16,12.02,10.03,12.02,10.03,126.22,2.22
오므라이스,400,692.71,25.98,28.91,25.98,28.91,82.14,12.76
오징어덮밥,360,484.59,25.85,7.24,25.85,7.24,79.0,2.37
완두콩밥,200,276.32,5.89,0.31,5.89,0.31,62.49,0.0
유부초밥,200,388.54,11.56,11.53,11.56,11.53,59.63,3.97
육회비빔밥,300,442.29,19.16,10.07,19.16,10.07,68.76,13.36
잡곡밥,200,292.6,10.59,1.74,10.59,1.74,58.65,0.64
잡채밥,550,825.15,22.11,18.81,22.11,18.81,141.85,0.3
제육덮밥,470,949.76,44.3,50.63,44.3,50.63,79.22,9.3
짜장밥,470,572.62,20.08,22.18,20.08,22.18,73.17,0.16
짬뽕밥,900,647.7,28.81,12.56,28.81,12.56,104.86,12.04
차조밥,200,313.24,5.67,1.3,5.67,1.3,69.71,0.07
찰밥,280,429.7,12.3,0.51,12.3,0.51,93.97,1.37
참치김밥,250,435.04,17.5,18.05,17.5,18.05,50.65,1.77
참치마요삼각김밥,200,398.7,11.86,16.41,11.86,16.41,50.89,0.0
참치볶음밥,230,412.97,10.63,7.52,10.63,7.52,75.68,0.27
채소김밥,280,442.09,12.89,10.23,12.89,10.23,74.61,0.4
채소볶음밥,260,474.03,12.26,14.01,12.26,14.01,74.73,0.76
치즈김밥,270,476.98,16.86,18.99,16.86,18.99,59.67,0.57
카레라이스,480,518.4,14.94,6.73,14.94,6.73,99.53,0.78
콩나물국밥,780,403.26,11.34,1.89,11.34,1.89,85.22,0.0
콩나물밥,320,392.17,14.98,5.07,14.98,5.07,71.66,0.12
팥밥,200,286.0,6.56,0.19,6.56,0.19,64.51,0.0
표고버섯볶음밥,300,551.73,10.09,14.43,10.09,14.43,95.37,0.0
하이라이스,360,401.93,14.47,4.08,14.47,4.08,76.84,0.0
현미밥,230,396.31,7.14,1.09,7.14,1.09,89.48,0.0
흑미밥,200,348.7,6.53,0.22,6.53,0.22,80.14,0.04
감자볶음,100,100.18,1.75,4.84,1.75,4.84,12.41,3.37
감자채소볶음,130,139.78,2.65,6.79,2.65,6.79,17.03,0.15
건새우볶음,20,60.83,8.31,2.59,8.31,2.59,1.08,0.81
고추볶음,100,69.78,1.93,3.23,1.93,3.23,8.25,4.34
김치볶음,100,106.07,1.38,7.94,1.38,7.94,7.27,4.45
꽈리고추멸치볶음,50,126.57,11.81,7.04,11.81,7.04,3.98,3.12
낙지볶음,200,182.69,11.53,7.53,11.53,7.53,17.2,15.81
느타리버섯볶음,50,47.09,1.4,3.1,1.4,3.1,3.39,2.12
닭가슴살피망볶음,80,97.58,13.11,4.52,13.11,4.52,1.1,0.23
닭발볶음,200,372.98,27.6,18.76,27.6,18.76,23.44,12.74
닭볶음,300,558.83,41.93,32.88,41.93,32.88,23.8,2.32
당근볶음,90,85.13,0.84,5.97,0.84,5.97,7.01,4.05
돼지고기김치볶음,230,371.22,27.16,23.12,27.16,23.12,13.63,6.68
돼지고기채소볶음,230,388.96,38.12,17.46,38.12,17.46,19.84,15.33
돼지곱창순대볶음,230,299.11,16.64,6.91,16.64,6.91,42.59,7.52
떡볶이,180,260.02,6.31,5.32,6.31,5.32,46.72,7.92
라볶이,200,268.47,5.66,9.41,5.66,9.41,40.28,1.88
마늘쫑볶음,140,123.91,4.55,3.55,4.55,3.55,18.44,7.4
마늘쫑잔멸치볶음,50,58.42,3.77,1.39,3.77,1.39,7.71,2.85
마파두부,160,174.33,11.67,10.37,11.67,10.37,8.58,3.92
멸치견과류볶음,50,206.95,15.2,12.16,15.2,12.16,9.18,7.01
멸치마늘쫑볶음,50,138.41,16.2,5.42,16.2,5.42,6.21,2.13
멸치볶음,50,138.0,19.72,3.54,19.72,3.54,6.81,5.8
묵은지삼겹살볶음,200,302.03,11.52,20.98,11.52,20.98,16.79,7.23
문어고추장볶음,200,175.01,21.93,2.04,21.93,2.04,17.23,10.88
미역줄기볶음,80,61.43,0.77,4.76,0.77,4.76,3.88,0.44
브로콜리볶음,90,46.14,3.98,1.15,3.98,1.15,4.98,1.28
새송이버섯볶음,120,145.44,3.54,9.63,3.54,9.63,11.15,4.5
새우볶음,200,166.66,19.81,4.42,19.81,4.42,11.91,7.97
소시지볶음,200,559.51,23.88,38.75,23.88,38.75,28.82,11.66
쇠고기고추장볶음,220,434.08,31.59,23.73,31.59,23.73,23.55,21.33
쇠고기버섯볶음,230,330.36,26.66,17.79,26.66,17.79,15.91,6.55
쇠고기볶음,190,543.39,33.24,43.2,33.24,43.2,5.4,8.16
쇠고기채소볶음,230,288.81,29.44,12.42,29.44,12.42,14.81,10.41
양파볶음,80,44.67,0.79,1.23,0.79,1.23,7.61,7.32
어묵볶음,140,275.24,11.78,10.21,11.78,10.21,34.06,8.84
어묵잡채,280,414.12,6.55,10.59,6.55,10.59,73.15,4.2
어묵채소볶음,90,136.68,5.7,5.77,5.7,5.77,15.48,1.13
오징어볶음,200,255.56,19.69,13.04,19.69,13.04,14.86,3.85
오징어채볶음,20,59.52,4.09,2.99,4.09,2.99,4.07,4.92
유산슬,220,189.43,16.58,9.68,16.58,9.68,9.01,4.73
잔멸치견과류볶음,50,193.96,12.17,11.11,12.17,11.11,11.32,7.27
잔멸치고추볶음,50,114.05,16.64,4.0,16.64,4.0,2.86,1.88
잔멸치꽈리고추볶음,50,146.65,12.39,8.74,12.39,8.74,4.62,2.92
잔멸치볶음,50,170.46,21.82,7.1,21.82,7.1,4.81,6.54
잔멸치풋고추볶음,50,127.82,14.12,4.16,14.12,4.16,8.47,5.31
잡채,200,291.15,9.41,6.6,9.41,6.6,48.52,1.45
제육볶음,250,487.98,30.37,35.47,30.37,35.47,11.82,0.94
죽순쇠고기볶음,230,276.31,31.46,12.86,31.46,12.86,8.69,4.77
참치김치볶음,100,121.88,8.33,6.68,8.33,6.68,7.12,1.83
채소떡볶이,200,515.29,6.24,3.76,6.24,3.76,114.11,3.94
콩나물잡채,230,153.12,4.43,2.22,4.43,2.22,28.86,21.56
팔보채,220,196.98,27.33,6.39,27.33,6.39,7.53,4.59
햄채소볶음,220,401.83,23.04,25.02,23.04,25.02,21.13,7.32
BLT샌드위치,220,423.85,20.9,29.56,20.9,29.56,18.56,1.31
감자크로켓,150,295.63,8.55,20.89,8.55,20.89,18.37,2.89
꽈배기,70,272.34,5.83,14.29,5.83,14.29,30.1,7.04
닭가슴살샌드위치,230,551.65,28.02,27.41,28.02,27.41,48.21,7.1
도넛,70,294.22,4.48,16.75,4.48,16.75,31.39,8.31
롤케이크,100,311.94,7.36,11.83,7.36,11.83,44.01,24.64
링도넛,100,514.57,7.85,33.17,7.85,33.17,46.16,11.6
마늘빵,50,219.12,6.03,8.79,6.03,8.79,28.97,3.68
머핀,130,499.29,7.45,17.99,7.45,17.99,76.89,51.55
모닝빵,70,219.52,6.65,5.2,6.65,5.2,36.52,5.58
모카빵,150,507.78,12.82,12.08,12.82,12.08,86.94,18.79
베이글,120,367.64,12.0,6.99,12.0,6.99,64.18,5.5
불고기버거,200,499.77,27.76,23.04,27.76,23.04,45.35,0.26
사과파이,100,184.65,2.54,3.91,2.54,3.91,34.83,7.11
생크림케이크,100,237.09,3.45,12.54,3.45,12.54,27.62,14.49
소보로빵,70,274.19,5.79,10.59,5.79,10.59,38.94,11.68
식빵,100,264.36,9.34,2.6,9.34,2.6,50.91,1.56
식빵토스트,100,365.67,8.78,13.85,8.78,13.85,51.47,4.5
찐빵,250,532.43,12.98,0.31,12.98,0.31,119.43,27.6
참치샌드위치,250,505.3,26.34,29.13,26.34,29.13,34.45,3.46
찹쌀도넛,70,201.62,4.2,3.25,4.2,3.25,38.89,7.73
채소샌드위치,180,439.87,7.35,26.55,7.35,26.55,42.88,25.66
초코소라빵,70,222.99,2.3,7.65,2.3,7.65,36.23,6.5
츄러스,70,252.49,4.62,7.9,4.62,7.9,40.72,15.91
치킨버거,200,475.56,24.86,19.49,24.86,19.49,50.17,3.82
카스텔라,70,234.74,7.02,8.03,7.02,8.03,33.59,23.64
콤비네이션피자,200,548.05,21.35,28.71,21.35,28.71,51.07,9.69
크로아상,150,669.17,11.28,40.47,11.28,40.47,64.96,9.15
페이스트리,70,326.3,5.82,20.76,5.82,20.76,29.05,4.5
피자빵,200,595.65,17.7,30.09,17.7,30.09,63.52,16.21
햄버거,200,527.67,25.69,27.95,25.69,27.95,43.34,6.25
햄샌드위치,200,439.2,24.88,23.84,24.88,23.84,31.28,3.79
햄치즈샌드위치,240,433.09,21.15,18.37,21.15,18.37,45.79,9.62
호떡,150,470.6,8.11,10.61,8.11,10.61,85.68,1.09
가오리회무침,230,186.62,26.07,2.66,26.07,2.66,14.6,12.57
감자샐러드,150,189.19,1.97,11.98,1.97,11.98,18.37,5.63
골뱅이국수무침,230,250.52,11.53,3.38,11.53,3.38,43.49,8.2
과일샐러드,140,138.69,1.75,8.87,1.75,8.87,12.95,13.02
굴무생채,300,149.16,11.04,3.77,11.04,3.77,17.76,12.13
굴무침,80,61.44,5.34,1.85,5.34,1.85,5.84,2.19
김무침,30,77.57,6.35,3.22,6.35,3.22,5.8,1.72
낙지무침,180,138.0,22.33,2.24,22.33,2.24,7.13,0.26
느타리버섯무침,150,88.01,4.11,5.66,4.11,5.66,5.16,0.13
다시마무침,90,43.27,2.31,1.06,2.31,1.06,6.12,0.0
단호박샐러드,150,242.52,2.22,13.45,2.22,13.45,28.15,21.45
달래무침,60,37.79,1.75,1.81,1.75,1.81,3.64,2.3
닭가슴살샐러드,150,203.24,10.75,14.23,10.75,14.23,8.04,4.88
닭고기냉채,240,215.62,31.4,4.67,31.4,4.67,11.99,11.53
도라지생채,160,123.97,3.3,0.82,3.3,0.82,25.84,8.4
도라지오이생채,160,76.02,2.65,2.76,2.65,2.76,10.14,11.01
도토리묵무침,200,147.76,1.85,5.89,1.85,5.89,21.84,3.63
돌나물무침,50,34.25,0.83,1.59,0.83,1.59,4.15,2.63
두릅초고추장무침,90,60.49,1.94,2.71,1.94,2.71,7.1,4.09
마늘쫑무침,30,31.92,0.82,1.48,0.82,1.48,3.83,2.24
무말랭이무침,20,24.17,0.84,0.31,0.84,0.31,4.5,0.82
무생채,150,73.54,3.64,1.67,3.64,1.67,10.99,2.67
미나리무침,90,41.52,1.18,1.92,1.18,1.92,4.87,2.02
미역초무침,50,17.49,0.59,0.51,0.59,0.51,2.62,0.65
민들레잎무침,90,72.9,2.42,2.1,2.42,2.1,11.09,7.34
배추겉절이,50,27.32,1.14,1.07,1.14,1.07,3.29,0.65
부추무침,100,92.3,3.5,5.92,3.5,5.92,6.25,3.06
북어채무침,150,282.02,42.6,4.37,42.6,4.37,18.07,8.38
상추겉절이,100,61.14,2.36,3.41,2.36,3.41,5.26,2.98
새싹채소샐러드,100,74.21,2.77,4.81,2.77,4.81,4.96,2.26
양배추샐러드,150,225.1,4.03,17.57,4.03,17.57,12.7,11.92
양상추샐러드,150,188.98,7.36,15.45,7.36,15.45,5.13,2.37
양장피,220,291.79,16.05,14.58,16.05,14.58,24.1,0.96
양파부추무침,100,44.19,1.83,1.07,1.83,1.07,6.81,5.79
열무겉절이,100,57.55,2.4,2.94,2.4,2.94,5.38,2.26
오이부추무침,100,31.32,1.95,0.39,1.95,0.39,5.01,4.15
오이생채,50,34.53,0.89,1.45,0.89,1.45,4.48,4.02
오이지무침,100,52.32,0.96,3.51,0.96,3.51,4.21,2.78
오징어무침,200,254.31,39.45,4.93,39.45,4.93,13.04,13.15
오징어물회,700,339.79,43.3,8.37,43.3,8.37,22.81,14.72
오징어채무침,80,206.14,18.88,4.42,18.88,4.42,22.73,14.97
오징어채소무침,240,149.09,14.04,2.23,14.04,2.23,18.23,13.3
옥수수샐러드,160,265.65,3.13,19.11,3.13,19.11,20.28,9.61
참치샐러드,150,226.74,16.23,12.97,16.23,12.97,11.28,10.36
채소샐러드,160,232.33,1.86,21.36,1.86,21.36,8.16,7.55
치커리겉절이,100,56.41,1.49,3.65,1.49,3.65,4.4,3.71
파래무침,30,14.83,1.06,0.51,1.06,0.51,1.49,0.52
파무침,150,105.95,3.38,4.22,3.38,4.22,13.62,12.03
풋고추된장무침,100,123.64,2.37,7.35,2.37,7.35,12.0,8.43
풋마늘무침,100,71.06,4.14,1.04,4.14,1.04,11.27,5.95
피조개무침,100,51.64,4.71,0.95,4.71,0.95,6.07,3.72
해초무침,100,39.3,0.95,0.16,0.95,0.16,8.52,3.95
호박오가리나물무침,100,200.5,6.14,10.01,6.14,10.01,21.46,6.82
회무침,250,203.95,20.22,4.12,20.22,4.12,21.5,11.33
육회,150,195.06,14.9,9.64,14.9,9.64,12.18,7.93
팥빙수,400,401.79,14.29,1.67,14.29,1.67,82.39,37.84
미숫가루,300,211.16,6.24,6.8,6.24,6.8,31.25,0.0
고추장아찌,60,49.62,1.19,1.24,1.19,1.24,8.44,0.44
깻잎장아찌,20,20.18,0.41,0.68,0.41,0.68,3.11,0.71
단무지,30,3.77,0.1,0.06,0.1,0.06,0.72,0.14
더덕장아찌,90,127.28,4.02,0.8,4.02,0.8,26.01,13.84
마늘장아찌,230,147.23,6.15,11.58,6.15,11.58,4.61,11.86
무짠지,50,5.63,0.27,0.06,0.27,0.06,0.99,0.79
양파장아찌,50,40.18,1.31,0.38,1.31,0.38,7.89,8.96
오이장아찌,50,7.11,0.18,0.14,0.18,0.14,1.27,0.52
오이지,50,10.34,0.37,0.36,0.37,0.36,1.42,0.0
일본매실장아찌,30,19.52,0.38,0.53,0.38,0.53,3.31,2.36
치킨무,130,22.1,0.68,0.39,0.68,0.39,3.97,2.27
가지전,200,245.82,10.96,14.55,10.96,14.55,17.75,1.68
감자전,200,265.62,3.43,13.07,3.43,13.07,33.58,3.62
고구마전,140,318.36,4.09,11.17,4.09,11.17,50.38,19.97
김치전,150,201.08,7.58,6.3,7.58,6.3,28.51,6.32
달걀말이,100,193.49,17.21,13.21,17.21,13.21,1.45,0.0
달걀프라이,60,124.53,9.44,8.27,9.44,8.27,3.09,0.02
돼지고기완자전,200,277.36,29.56,11.9,29.56,11.9,13.01,5.12
두부부침,100,139.93,10.92,9.77,10.92,9.77,2.07,0.24
떡갈비,200,403.4,42.76,23.63,42.76,23.63,4.92,0.79
맛살전,200,329.53,14.95,12.47,14.95,12.47,39.37,2.27
메밀전,180,289.81,7.23,1.15,7.23,1.15,62.63,0.54
부추전,150,251.22,6.95,6.25,6.95,6.25,41.79,12.42
쇠고기완자전,200,323.34,37.46,15.12,37.46,15.12,9.35,0.4
스크램블드에그,110,237.34,12.99,19.35,12.99,19.35,2.82,0.49
애호박전,150,182.9,6.53,12.93,6.53,12.93,10.1,3.48
참치완자전,200,345.27,29.99,12.98,29.99,12.98,27.13,7.37
채소전,100,145.11,3.57,4.5,3.57,4.5,22.59,2.06
표고버섯전,150,271.89,15.19,14.97,15.19,14.97,19.11,2.84
해물완자전,200,444.86,22.92,23.21,22.92,23.21,36.07,6.81
해물파전,150,256.14,8.25,12.6,8.25,12.6,27.43,1.23
햄달걀부침,100,277.32,12.71,21.59,12.71,21.59,8.06,0.0
가자미식해,250,335.62,27.73,12.03,27.73,12.03,29.1,9.27
간장게장,250,155.4,17.56,2.76,17.56,2.76,15.09,10.53
양념갈치젓,90,134.0,13.98,4.57,13.98,4.57,9.25,4.42
양념게장,200,193.49,20.45,1.21,20.45,1.21,25.21,17.53
양념멸치젓,5,4.51,0.57,0.08,0.57,0.08,0.37,0.03
양념새우젓,10,6.89,0.71,0.18,0.71,0.18,0.6,0.05
오징어젓,10,6.03,1.01,0.07,1.01,0.07,0.34,0.24
갈치조림,100,100.82,12.72,2.81,12.72,2.81,6.16,6.29
감자조림,50,56.79,1.2,1.76,1.2,1.76,9.05,3.84
건갈치조림,100,127.65,15.93,5.04,15.93,5.04,4.64,5.35
고등어조림,100,141.01,11.25,8.84,11.25,8.84,4.1,3.39
꽁치조림,100,243.51,15.52,17.87,15.52,17.87,5.14,4.05
달걀장조림,100,138.11,9.85,7.12,9.85,7.12,8.67,6.87
닭고추장조림,250,379.87,22.79,17.36,22.79,17.36,33.13,5.09
닭조림,150,294.79,27.05,16.35,27.05,16.35,9.86,0.75
돼지고기메추리알장조림,100,166.24,20.07,7.66,20.07,7.66,4.26,6.19
돼지고기장조림,100,72.66,15.58,0.87,15.58,0.87,0.63,7.27
두부조림,50,71.55,4.82,4.83,4.82,4.83,2.2,1.82
땅콩조림,20,96.52,3.75,7.28,3.75,7.28,3.99,1.97
마늘쫑조림,100,194.24,4.04,0.31,4.04,0.31,43.82,6.42
메추리알장조림,100,202.86,14.25,13.41,14.25,13.41,6.3,3.48
멸치조림,100,318.37,40.92,13.22,40.92,13.22,8.93,7.35
무조림,150,71.44,3.39,3.57,3.39,3.57,6.43,5.81
미트볼조림,150,331.41,27.23,16.09,27.23,16.09,19.42,15.78
버섯조림,150,90.66,6.57,3.0,6.57,3.0,9.34,2.92
병어조림,100,112.38,12.46,4.78,12.46,4.78,4.87,0.22
삼치조림,100,124.64,15.88,5.63,15.88,5.63,2.61,2.03
쇠고기메추리알장조림,100,157.49,11.69,5.39,11.69,5.39,15.56,3.32
쇠고기장조림,100,68.76,10.41,0.86,10.41,0.86,4.84,1.0
양미리조림,100,65.31,5.76,0.66,5.76,0.66,9.09,2.2
어묵조림,200,317.02,11.65,9.46,11.65,9.46,46.32,4.85
연근조림,50,87.19,1.34,2.55,1.34,2.55,14.71,1.39
오징어조림,150,206.02,24.82,3.56,24.82,3.56,18.68,10.28
오징어채조림,50,119.8,11.76,2.45,11.76,2.45,12.68,6.89
우엉조림,30,56.54,1.44,1.0,1.44,1.0,10.44,8.53
쥐포조림,100,276.3,13.03,8.86,13.03,8.86,36.12,23.37
코다리조림,100,86.06,16.46,0.4,16.46,0.4,4.16,3.67
콩조림,30,84.27,5.39,2.32,5.39,2.32,10.45,1.06
닭죽,400,177.46,10.7,2.27,10.7,2.27,28.57,0.0
쇠고기죽,400,244.09,8.62,0.87,8.62,0.87,50.44,0.0
양송이스프,100,105.29,2.41,7.04,2.41,7.04,8.06,2.52
오리고기죽,400,618.71,30.0,19.94,30.0,19.94,79.8,0.0
전복죽,400,317.19,7.27,14.9,7.27,14.9,38.49,0.0
채소죽,400,173.76,6.75,2.76,6.75,2.76,30.47,0.69
팥죽,400,324.17,12.69,0.76,12.69,0.76,66.63,0.08
호박죽,400,197.52,7.7,6.84,7.7,6.84,26.3,14.24
흑임자죽,400,245.96,4.41,18.9,4.41,18.9,14.56,2.99
갈치찌개,250,94.75,13.17,2.51,13.17,2.51,4.88,2.45
감자탕,530,375.69,33.43,21.54,33.43,21.54,12.03,0.0
김치전골,270,197.79,8.43,11.41,8.43,11.41,15.34,2.14
꽁치김치찌개,270,241.19,19.27,13.98,19.27,13.98,9.56,1.9
꽃게탕,600,101.1,11.13,2.46,11.13,2.46,8.61,5.71
낙지전골,300,153.42,19.5,3.42,19.5,3.42,11.16,0.0
내장탕,600,423.97,34.9,27.12,34.9,27.12,10.08,0.32
냉이된장찌개,350,67.0,4.09,1.1,4.09,1.1,10.18,1.94
달래된장찌개,350,122.7,11.12,2.77,11.12,2.77,13.32,1.42
닭볶음탕,300,332.04,35.74,9.65,35.74,9.65,25.57,1.25
대구매운탕,600,134.18,26.96,2.42,26.96,2.42,1.14,0.0
동태찌개,200,87.22,12.22,2.73,12.22,2.73,3.44,0.25
돼지고기김치찌개,200,90.91,8.49,5.41,8.49,5.41,2.07,0.09
돼지고기찌개,300,143.02,18.76,4.54,18.76,4.54,6.77,0.38
된장찌개,200,91.91,6.76,3.26,6.76,3.26,8.87,0.0
두부고추장찌개,500,261.81,20.04,13.13,20.04,13.13,15.88,4.0
두부된장찌개,270,110.23,8.78,5.28,8.78,5.28,6.9,2.66
두부쇠고기고추장찌개,280,162.34,12.77,3.98,12.77,3.98,18.85,0.48
두부애호박된장찌개,350,189.41,17.61,4.3,17.61,4.3,20.07,6.04
버섯샤브샤브,350,104.64,13.57,3.16,13.57,3.16,5.49,1.84
버섯전골,300,233.68,15.43,12.73,15.43,12.73,14.34,3.54
부대찌개,600,737.25,35.16,38.91,35.16,38.91,61.59,1.05
쇠고기샤브샤브,600,259.59,32.27,9.72,32.27,9.72,10.77,8.94
쇠고기된장찌개,300,163.93,17.12,5.93,17.12,5.93,10.51,2.15
쇠고기전골,300,187.56,23.66,9.71,23.66,9.71,1.37,0.14
순두부김치찌개,200,69.65,5.95,3.17,5.95,3.17,4.34,0.64
순두부찌개,200,85.54,9.06,4.32,9.06,4.32,2.61,1.19
알탕,520,203.13,33.11,3.83,33.11,3.83,9.06,0.0
어묵김치찌개,260,98.44,4.74,1.54,4.74,1.54,16.4,4.15
오리백숙,300,335.72,31.78,22.5,31.78,22.5,1.51,0.75
오리탕,600,728.09,56.99,39.37,56.99,39.37,36.46,21.45
오징어찌개,250,85.47,8.24,0.54,8.24,0.54,11.92,1.13
장어탕,800,536.94,34.53,31.25,34.53,31.25,29.4,21.26
조개된장찌개,300,68.12,8.63,2.16,8.63,2.16,3.53,1.68
참치김치찌개,300,154.06,10.76,8.47,10.76,8.47,8.7,0.45
청국장찌개,200,93.59,10.06,4.22,10.06,4.22,3.84,0.0
추어탕,350,188.33,11.33,11.12,11.33,11.12,10.74,0.0
콩나물된장찌개,300,146.27,7.69,4.42,7.69,4.42,18.94,0.29
콩비지찌개,400,275.73,26.95,12.32,26.95,12.32,14.27,12.98
해물매운탕,600,211.37,29.07,3.86,29.07,3.86,15.08,2.69
햄김치찌개,300,93.41,4.42,4.18,4.42,4.18,9.52,0.12
호박고추장찌개,280,115.04,5.83,2.77,5.83,2.77,16.69,1.58
가오리찜,200,204.63,43.98,2.78,43.98,2.78,0.92,0.11
깻잎찜,100,97.42,5.21,5.86,5.21,5.86,5.96,1.33
꼬막찜,200,192.87,24.06,4.55,24.06,4.55,13.93,2.06
꽈리고추찜,100,103.92,3.59,2.09,3.59,2.09,17.69,0.44
달걀찜(우유),200,209.74,16.45,12.62,16.45,12.62,7.59,5.09
달걀찜(새우젓),200,116.3,9.96,8.08,9.96,8.08,0.93,0.0
닭찜,300,320.01,37.1,18.27,37.1,18.27,1.8,0.0
돼지갈비찜,300,581.39,39.86,36.96,39.86,36.96,22.33,0.39
돼지고기수육,300,936.89,59.65,74.46,59.65,74.46,7.05,7.21
쇠갈비찜,300,256.01,21.75,9.51,21.75,9.51,20.85,2.24
쇠고기사태찜,300,328.77,36.3,15.51,36.3,15.51,11.0,0.4
쇠고기수육,300,498.92,85.29,14.81,85.29,14.81,6.11,0.33
아귀찜,200,168.18,13.44,6.26,13.44,6.26,14.52,5.46
애호박찜,100,181.05,9.5,6.48,9.5,6.48,21.18,1.81
족발,250,582.68,65.09,34.78,65.09,34.78,2.32,0.0
코다리찜,200,188.69,28.97,2.69,28.97,2.69,12.15,5.0
풋고추찜,100,51.22,2.31,0.99,2.31,0.99,8.27,1.44
해물콩나물찜,200,111.2,13.33,2.02,13.33,2.02,9.93,0.0
간장양념닭다리튀김,200,646.67,37.71,39.2,37.71,39.2,35.75,7.41
간장양념치킨,200,543.73,20.46,32.44,20.46,32.44,42.48,10.54
감자튀김,150,467.75,6.82,25.51,6.82,25.51,52.72,0.55
고등어튀김,150,513.77,29.46,39.26,29.46,39.26,10.65,0.0
김말이튀김,150,384.91,2.97,23.78,2.97,23.78,39.75,1.22
김튀김,50,260.77,5.5,14.45,5.5,14.45,27.18,0.07
깐풍기,150,344.54,18.89,17.7,18.89,17.7,27.42,4.6
다시마튀각,50,230.86,4.22,13.26,4.22,13.26,23.66,8.62
닭강정,200,450.09,23.68,19.47,23.68,19.47,45.04,7.95
닭날개튀김,200,514.08,34.34,32.54,34.34,32.54,20.97,0.0
등심돈까스,200,463.93,33.75,26.52,33.75,26.52,22.57,8.98
떡강정,200,498.31,7.58,9.43,7.58,9.43,95.78,10.67
미역튀각,50,221.3,6.62,16.95,6.62,16.95,10.57,5.68
새우탕수육,200,232.79,13.29,8.39,13.29,8.39,26.03,12.87
새우튀김,150,430.34,25.52,23.84,25.52,23.84,28.44,0.13
소시지튀김,200,707.98,28.13,62.6,28.13,62.6,8.01,1.54
오징어튀김,150,505.71,18.56,32.99,18.56,32.99,33.65,0.5
채소튀김,100,404.63,3.25,27.14,3.25,27.14,36.83,6.37
치킨너겟,150,468.4,22.47,35.42,22.47,35.42,14.93,4.94
탕수육,200,358.97,27.21,16.75,27.21,16.75,24.84,19.08
후라이드치킨,200,530.04,35.47,33.67,35.47,33.67,21.29,0.0
