x,y
-91.874916,8.868083
15.114115,94.223305
23.729103,-46.067886
71.26719,-117.08334
-42.724987,142.0738
-47.810814,108.00265
26.28433,-5.762805
4.366256,-141.13419
52.62549,-22.924807
3.4035587,-48.735413
68.28569,-67.20581
6.4282546,-59.225185
-70.79253,-2.6594057
-28.54851,79.94042
-89.89688,-65.09615
97.60895,47.695194
-15.800316,-25.91086
-8.76812,128.10548
-71.81575,-66.3352
-47.85444,-112.73062
-31.990797,56.06533
60.86638,37.443897
60.21922,-11.020127
-34.19247,140.56758
51.483364,60.414692
-24.99596,-83.626595
2.2936246,-81.72714
119.18043,-25.279058
-126.778336,45.745243
-78.3381,-31.860823
-65.55773,8.892038
24.168398,91.35976
27.54717,11.018413
61.79869,-48.11027
21.007568,-100.26636
37.126255,12.800855
-77.085335,-10.189701
-81.48018,-89.75184
-22.48354,-69.23078
-73.303085,2.7075925
91.785164,-26.406765
86.27219,-0.70191526
138.79149,39.537384
-88.893364,-81.90132
41.145805,25.55528
-32.26561,45.23821
1.2130135,-56.135273
36.92333,20.533297
-101.663536,63.13113
73.308846,15.279909
3.370718,-131.16042
-87.35653,77.15361
-131.49153,32.69641
83.493286,-55.682236
-41.663963,124.573074
-35.638783,106.16753
-4.9868817,-5.585954
31.002571,35.99121
138.03688,37.80292
-1.1007103,40.921444
-34.03425,-81.02797
65.78998,-133.14244
7.185039,27.805752
47.313343,135.971
-73.752045,18.624413
39.535416,130.49896
-80.12242,-32.95772
63.604176,73.69649
-123.70559,-54.99734
-95.33362,-23.773005
-55.18272,49.13633
83.077286,-43.133377
-29.147423,-40.155884
104.79771,82.88827
-106.09138,89.24485
73.634605,61.515038
45.592674,52.88815
-48.324253,24.446157
-4.0810647,137.29665
-41.44053,132.13934
22.437344,60.381283
78.34206,21.690952
100.05352,-27.87367
130.29185,-11.340141
-15.361975,83.59694
-108.71286,69.51713
-14.716558,-25.945538
-16.516277,31.279331
-100.624,11.414555
-129.26552,-51.053143
-92.60425,92.67137
84.47721,-55.655567
-42.838802,-63.357708
77.30102,-21.107506
64.95679,-123.24349
-131.26305,-33.48885
130.69685,-10.9048605
34.39068,-50.031002
145.6001,-9.212256
73.994835,-125.19893
-26.814886,26.69093
-92.720695,-29.415735
110.0691,80.50951
-3.2091825,111.90938
96.074104,-60.540363
-8.096978,8.960308
-63.467697,116.602135
-131.20763,-20.764664
130.2351,-10.533554
-12.942317,76.20708
65.98063,-115.883896
-85.49436,-92.099976
-99.596245,10.8973255
18.24449,7.3090334
-128.05151,-48.256447
-87.077,-18.422358
17.63967,18.852165
-60.65218,-94.72853
-58.321068,-115.80949
-55.546658,36.592587
-4.4819536,137.24655
69.38066,20.344206
-4.7930894,126.55754
38.20815,20.71283
-89.5204,16.693756
44.821182,136.45084
-57.979347,47.47268
46.010063,122.296
2.8254275,13.336826
113.0404,49.129135
-89.076035,-5.8775935
-55.98484,-67.248566
-62.963936,-5.66535
137.47714,-4.655069
78.74662,22.067192
74.428566,9.6527815
101.97926,2.7391984
-64.934364,118.16474
-35.198425,31.476898
74.06798,84.46802
-33.255573,-28.499699
-6.355812,123.05968
58.903446,-123.30573
-112.10443,-6.967138
-120.38079,-7.340591
-91.14747,-79.80963
26.728415,89.17567
38.686337,-3.867685
87.55768,-46.43322
2.9018326,-61.315975
71.60644,-79.74824
99.63741,32.17148
-89.17249,-81.95092
-37.177433,-11.7068
-99.8559,10.236944
77.376915,-68.79444
38.24767,-123.80829
25.502136,49.27625
69.111855,-123.011795
72.68793,-113.49732
-64.58112,-80.62979
-33.921223,45.10814
-66.14863,-55.502335
-91.99629,-64.05495
-49.373425,107.13365
-36.623455,111.40667
95.60861,-75.83682
23.021204,45.308624
63.191772,-71.44187
-16.150812,-11.199969
61.012745,-22.074053
-11.614265,130.6647
-2.5834262,136.0143
53.366,-14.724198
-56.10076,49.008434
-5.9650207,-130.48685
-73.29925,70.21036
95.224594,29.248377
29.450188,62.02428
3.8910851,-8.509846
-40.837944,-38.298958
81.351006,-79.59667
-5.700125,-90.59626
64.59867,-78.22669
-128.92564,-37.919144
46.052567,58.35546
111.208725,80.64058
67.5143,11.343129
67.72768,108.54548
-98.984566,13.227657
56.886814,-17.926926
66.586975,117.03877
14.533277,-52.121323
119.18015,-25.279087
82.98271,-55.93885
-50.35228,85.054756
61.81094,-48.099754
134.92735,-9.992389
81.36096,57.84929
43.913967,41.34534
-104.909584,6.995345
-120.32412,-75.40335
-21.984182,52.000187
-96.901726,-76.31672
8.629475,-136.96455
33.49968,-33.461994
-118.522514,26.353811
-131.72636,31.025661
-83.91181,-89.721016
75.238495,33.122963
-96.76389,50.091667
91.311516,-95.43729
-78.14756,43.061787
-22.942852,-23.658958
-132.59103,-3.8295147
-51.073307,33.06822
-102.322426,70.62186
-113.07018,-58.898148
-23.567564,19.767801
-20.912767,-18.468328
-23.46182,-68.563515
-5.880268,-4.326558
64.60812,67.558044
11.10151,-42.403008
-73.280426,72.10323
-148.30997,-29.370438
-97.16917,48.770535
103.85454,83.89426
-121.990776,-77.7827
-54.73386,9.174912
-36.00596,31.747768
65.83483,57.366608
76.88483,-12.537561
64.57977,-78.27864
-42.04242,-45.413486
61.56669,-25.47631
77.30314,-121.321266
45.999752,-62.533165
98.25564,96.372536
-2.9618373,-122.62165
-31.736124,-119.33971
74.18312,62.926662
-35.041477,107.826485
-4.378163,-125.66808
113.10031,50.170784
-51.60789,32.97706
9.414171,-21.656414
-8.042824,11.312737
-48.913486,52.034878
-50.062466,-41.159954
-124.68383,-38.08853
43.510155,-47.855194
104.79763,82.88588
17.450027,17.004686
96.365425,24.58473
-35.275692,69.58774
-53.396675,-40.576763
50.232014,119.74258
-104.38826,94.97539
-47.8035,75.07972
-20.989052,-81.83515
-36.2182,42.149086
-92.75889,3.6982284
-59.62283,83.65343
-59.19313,12.96626
0.42938817,-137.42744
5.6688113,-8.192388
-46.30793,20.785727
-2.6726112,-60.172215
-28.653236,-9.255546
75.503815,-110.40242
80.1111,-50.36282
-5.5281377,-90.71412
-7.3587317,17.642723
-67.48768,-114.79141
52.569332,-77.242004
-6.961856,-104.568665
33.177692,-92.50274
-4.2841525,6.891782
79.13074,-114.81785
-105.80806,16.230322
48.08611,134.75143
-98.48687,-19.280699
42.484768,-36.073406
128.9635,-11.70444
-8.489451,35.71124
115.56825,80.58589
-37.50975,136.37506
80.01154,10.681503
21.517288,-71.16532
-110.94076,67.29979
-60.310677,66.315384
58.618824,77.28061
-95.57682,-18.09357
58.39953,-5.2055492
74.012375,-117.7119
-99.44389,-43.851055
87.38247,-16.95429
64.60785,67.55742
-73.81578,84.01221
-102.553,27.639946
-87.52645,-13.256144
-59.042255,23.291334
110.16715,43.601017
92.698875,98.32056
96.06911,19.101862
-95.0583,39.899513
-89.5496,17.120155
-60.02302,67.57583
47.80831,74.1773
-15.751384,-58.773426
115.40445,79.855125
79.60582,-68.33095
-129.6005,-25.451128
53.771263,-115.0912
-2.1493466,128.54286
-45.67654,-32.138718
25.776306,-6.810522
4.443189,-49.72758
101.55137,18.866592
54.5824,-9.407582
136.04535,37.866028
-20.618376,52.83378
104.361145,82.08988
-120.03329,-77.994545
-14.333289,53.821953
5.364695,43.907806
-92.95105,-78.941696
-65.23714,26.560122
-42.011215,-62.372047
-150.10141,-27.85666
9.807308,-50.41119
45.68655,136.58429
36.123035,-88.00861
-100.592995,61.246033
-71.74539,-26.788729
-78.905235,3.216294
-31.999273,-8.024268
-130.32545,33.836166
110.427216,30.255999
-111.08092,-31.138563
103.44878,-58.51563
-2.9230072,-122.58425
64.67063,-115.9616
-37.39943,136.20995
-100.51766,-31.433672
81.32318,-1.2995806
-12.844295,130.45248
-98.85948,-14.93391
10.542525,-20.89694
67.49788,-66.443855
45.29055,59.68969
-63.208595,-82.03301
-14.333931,53.822903
70.993286,-120.058876
-51.535004,-43.413803
-0.0061872993,13.477503
-17.997402,76.25034
136.25432,-2.585154
-104.18866,59.80501
-43.361317,103.06179
91.34905,-117.80277
-117.394455,41.375397
-57.680054,46.86619
111.02355,54.22792
-2.0627873,-127.378555
73.64791,115.52243
-110.12696,69.13263
53.56818,24.695147
137.29982,39.237503
32.173252,36.931477
-121.99363,-15.959984
67.8378,57.80291
55.86464,-123.28904
87.39105,-18.334263
146.77312,-5.9134355
-28.167706,69.87559
27.389477,87.50679
-132.8083,-60.541573
12.490391,115.55729
-41.573135,125.107544
69.549805,-52.265774
10.781773,100.16376
-81.42131,94.18644
10.942502,0.056327533
92.49324,99.14084
66.330246,-24.542994
-46.442234,-7.8864155
27.28778,22.646646
39.558132,122.95589
8.403334,-61.35936
-10.878499,-41.009483
-67.00206,8.623514
-43.842445,75.61153
-40.324036,-117.00253
43.564697,-41.60398
81.34667,-79.591484
-15.224242,-32.096233
101.027626,-27.991234
-28.450727,-101.305954
-54.97099,-114.72073
-87.48041,-80.586914
-6.7066836,79.5194
12.591689,-75.281296
-47.248013,-17.963562
36.238697,-69.858826
77.7578,-103.28082
-111.75054,-13.690804
-123.59661,-45.695507
49.04722,-99.05913
122.05011,-25.11637
-10.137303,-56.049793
-45.45771,69.66157
90.32642,-116.14426
31.322273,36.83565
55.66462,78.27538
57.54017,65.17246
-26.64034,-86.80664
68.116455,-8.150662
-130.98659,33.79158
-8.6197195,86.59271
-98.20357,-75.22348
39.405228,-2.802074
-90.70937,38.900112
-67.511406,38.910484
-43.756767,133.68347
-1.6744667,133.09618
95.55786,15.042396
-42.51378,24.588915
96.341606,-59.984543
72.58893,-115.99208
-68.9893,-53.308086
-11.642014,-94.13666
45.965397,43.072067
15.448619,92.04592
-7.3706584,-103.87539
-49.90703,-93.466354
-57.360676,-94.862045
-92.10586,-40.96603
12.481565,96.179535
24.08036,-4.9877763
65.22057,-119.96433
-51.73746,-12.040892
26.16301,91.31256
-7.738526,133.68825
-33.06887,89.23304
-93.60193,-57.836895
86.6589,-122.367966
105.574165,-48.484802
-70.38487,-65.49692
105.051315,-56.042618
-92.13917,26.618721
-115.745636,37.183846
-133.97285,-49.166092
85.84796,-0.91314435
-37.477276,-77.069
94.06048,-50.10882
-76.15582,-1.9122791
-37.51464,141.70955
63.85056,126.39504
-14.831845,85.090546
76.02316,-12.13943
82.68122,4.504212
-9.78788,73.97778
66.65933,81.517815
79.4776,-68.19961
-54.15388,-95.37997
-67.50759,-44.486538
-39.249985,138.60663
54.58236,-9.407461
-13.124897,85.93493
-132.17068,32.132034
-110.31667,-30.806767
-8.617596,-59.249752
7.6346836,11.154794
-121.18269,-49.96803
-66.680695,-58.525234
-31.514694,113.1852
112.3675,81.16972
-113.6361,-32.792416
-4.659055,-91.347015
48.090572,-98.93649
68.84525,-23.356997
-49.543297,-76.098595
-132.20984,-52.89997
-44.51856,102.566574
-97.79859,-12.445487
-89.05408,-26.917976
108.65128,20.987936
-6.3435097,-22.256351
-135.66391,-41.125862
9.001158,-79.730255
62.160595,35.77127
53.073593,77.98348
33.822968,-56.530277
137.07164,30.573664
67.617485,23.643885
84.59093,61.618553
64.867,-117.01969
-43.42137,24.639324
-108.19298,56.852882
-40.61787,11.609285
-73.167175,-67.40859
24.628164,61.167835
69.424126,-23.362337
-2.7956812,-49.569202
-45.10879,74.65357
60.47383,73.46441
-43.467926,135.29318
28.696468,-33.58788
-66.782196,-115.27756
-64.0234,115.95285
-108.42511,-24.333147
-57.361313,-94.86228
-74.7983,-7.027989
-114.27218,43.502346
-60.08188,84.52054
-64.91817,22.72413
-65.24084,-15.539657
71.35266,1.1794193
-82.67559,-34.341587
-14.901759,16.001118
-96.19807,-96.5649
118.515625,-66.97728
-54.306065,40.70474
98.8305,42.32942
-34.409927,143.28227
51.65771,53.18494
54.331017,70.781296
-85.71203,-46.898495
-49.04999,74.661224
129.65959,2.786472
-21.965302,-80.383766
24.266825,50.249817
-13.777208,86.354774
-91.57979,-36.566772
136.48358,37.16754
-37.066692,-67.68675
27.641466,21.23217
-26.075294,22.606422
-39.258976,-108.53771
0.1664649,-97.05316
-70.42158,-41.838894
-67.30998,-63.100716
-45.490154,132.37213
68.038475,82.02291
139.62527,39.287243
65.01808,8.06627
-15.693928,-10.998221
-73.50209,-67.5137
86.043495,71.15639
34.01102,68.73756
-29.850822,-39.805126
-63.167877,-15.73312
-88.45154,61.553883
-37.69519,135.22232
7.877546,11.516629
58.392494,-3.857088
-58.60456,-30.598309
-47.383736,-120.14891
50.87489,-117.65742
-115.85148,-42.718784
40.72174,-84.27556
7.0429177,-138.20709
76.50629,110.18992
94.07414,-50.0903
69.65486,58.2288
-31.443104,55.57344
-34.23863,0.6573397
138.21085,-7.353911
-35.394115,42.724518
-6.851849,13.791995
-137.50745,-32.426785
-36.579597,-11.165999
-18.618986,-81.99044
32.59462,21.986994
-90.78001,-9.42686
-98.582054,92.281235
127.09448,4.1501584
35.296364,0.47501633
69.258026,-7.634724
90.76082,-66.70332
-31.16251,-107.36181
-18.642597,20.105108
80.02963,10.177847
-85.19781,-89.78523
-8.610148,-4.8457217
126.2719,-23.016527
-14.772523,-32.359188
-47.64591,109.223595
-108.21268,-23.265942
-0.30613586,-56.178066
43.343815,111.05221
-82.36308,95.21668
78.87156,72.88455
73.80312,15.398672
5.629673,-67.90784
-34.51554,-14.310047
12.33859,93.58963
-5.4146314,-56.105183
-64.21123,116.38953
92.24981,1.5028989
-72.8683,-40.1418
7.475506,47.069042
-64.217865,-83.42754
26.35464,70.56336
-0.23327641,142.86192
67.72845,79.38353
-52.030273,-42.373993
-120.03273,-71.44957
56.94799,-17.79138
-114.12803,43.29019
-75.25498,82.102936
-99.293076,73.643196
-7.242541,-105.718765
-25.186052,23.879128
68.555954,-114.6035
26.230785,90.036354
96.34336,-10.898467
99.89481,-1.706784
105.24596,-87.91937
40.10411,-124.317375
2.9241853,-131.71037
53.249626,-76.88398
-127.25513,5.9677486
-51.38926,9.078978
-92.51088,-21.04685
13.772132,53.573822
73.44937,-57.58668
-59.581367,123.06454
-63.81663,-13.87304
11.723025,-41.714565
50.735798,40.830147
-84.41448,-35.03277
-82.464806,-1.9877437
7.982559,23.577532
-35.39276,42.723965
40.924004,41.876923
55.247395,-117.401505
-32.998074,141.96281
-13.333531,77.15364
90.60054,-66.49418
-54.92011,-99.45173
75.12366,-118.63573
-87.12873,-69.99387
-22.141201,-23.912058
-110.73244,-32.090824
50.597874,-18.530003
-76.77977,12.393895
109.69555,29.897224
-15.260273,71.24837
-45.320107,-54.524014
-77.62641,43.337654
76.63732,-12.4236
-149.20818,-28.676311
79.030426,-36.55615
-60.26167,122.843796
-123.69457,4.2917414
-129.5625,-25.715559
-41.10093,10.2665
35.17464,68.05286
33.911232,61.272255
-107.68037,13.315401
130.63182,-10.16944
-98.349556,-43.17647
-42.87985,24.54787
-67.80906,-44.957394
6.3876987,10.082035
-65.552376,-116.243645
-92.81033,68.34672
87.013245,24.46837
12.757136,114.6243
-16.79364,-42.743904
91.63315,12.121099
91.47748,-93.81901
-31.357716,64.131546
104.300446,22.567444
-98.3521,-3.9580643
-97.42616,5.2785115
66.46677,-61.79866
-57.3046,-97.377235
-51.991074,78.118484
-32.59109,-121.57595
-42.154285,-20.735918
-58.201977,-6.611822
-54.48133,-20.704834
-56.85581,-61.447292
126.25373,-24.111301
-107.240974,-52.888565
4.09168,-100.13751
-44.623344,-106.62725
-98.583885,94.165474
-19.976562,69.180504
-54.248756,-94.780716
-90.49777,-15.799142
96.9363,96.76544
-15.405302,31.666609
34.636696,21.083
-124.35396,-70.36024
86.42006,-122.57887
4.002698,-7.879199
-69.606316,-18.451717
52.08244,-25.377796
78.029625,-67.29894
-65.77936,-67.56362
-45.310276,21.575216
-31.193995,17.99335
-0.46721935,78.55245
-34.709026,-15.633681
-137.38116,-2.6156049
-45.19254,-94.306984
101.34428,-26.258158
-94.63929,-15.251706
47.808563,74.17681
145.72824,-6.778967
-2.9600987,125.69729
129.18396,-12.691518
-97.25597,-93.22203
75.68223,84.68568
66.155785,111.18173
-79.329025,-54.189926
-12.656282,92.06539
74.734116,-126.48675
-13.78385,-95.9794
-21.71254,-23.149197
-41.232178,9.084319
-22.759558,-84.41971
9.397411,-20.013111
-32.16126,-120.54038
-20.946375,5.841092
9.407174,128.18597
-95.139336,-55.417355
-19.131546,16.516235
-8.306924,126.30268
-63.621517,-114.72109
-72.76518,-27.80272
73.08951,-57.710335
61.85714,126.03581
31.893414,-51.61524
-58.495197,-30.58949
-105.950615,81.94684
-129.89299,26.78174
-33.46645,55.468403
-137.79,-2.36496
-123.6007,-1.0081224
30.664738,-67.54648
101.48951,18.509474
-54.633133,-40.200634
69.03725,19.385885
7.307112,127.79977
-16.558056,14.718329
69.54596,-125.178
33.212173,22.908789
81.22917,-74.22813
-22.932846,-6.4771156
-62.395397,95.26506
82.01193,-101.79649
32.736275,-6.5916834
-105.548874,82.37692
-22.742905,-6.7296195
-88.699684,28.233273
-49.906868,-93.46374
0.54061663,138.06444
6.75087,-135.8756
-109.687386,53.473038
90.90588,1.9222037
-69.43446,-44.9489
55.713676,-13.828633
-95.27283,-94.81512
-32.888855,89.7353
-7.3526163,35.60126
-28.40465,-38.50737
-63.360725,-83.46117
-67.3751,10.985433
83.47416,-43.88199
-97.04002,-76.441216
51.01994,-17.862148
-46.442142,-7.8858294
-130.90503,-23.666111
147.64832,-7.5672164
-71.4397,27.256077
46.225502,121.22059
-93.23919,43.38221
-28.926249,40.887787
-3.707125,-62.558613
-78.597046,-21.401402
-76.22349,-34.711273
-63.37349,-92.968475
8.943589,-79.63755
-6.7469554,-21.648817
24.344862,1.8424098
-87.47494,-16.687222
-110.5397,13.152351
-3.2988405,41.770035
77.90581,-1.7375516
-84.783745,30.572252
-106.16255,17.190704
-5.2593036,-55.485474
28.784237,-99.35503
8.193871,-137.49097
-51.863846,16.008457
-49.94054,84.32491
-86.43006,-49.682823
-42.04045,-39.78843
1.0041904,56.348465
-115.1177,38.042805
107.44014,14.640491
-16.551609,38.584366
0.45335057,14.764218
65.1129,-61.786797
72.35969,76.4484
26.246328,-62.579742
104.76511,-88.57157
83.748314,-46.727898
-90.26228,67.221565
-78.71871,38.014744
-46.540936,-15.848951
-5.725354,79.649475
98.89754,48.033287
-39.948025,-45.27542
130.32193,-19.850544
67.29638,-121.334305
-8.512941,79.12119
-76.1283,33.28641
80.29299,-101.59537
79.14273,57.89239
-62.76097,93.91949
28.742716,62.401257
67.86822,9.328301
-4.069159,-132.73857
71.45899,-39.79693
45.5434,117.82525
91.22539,24.97859
43.84059,9.844951
-88.450294,61.55345
82.508156,5.250138
-63.82771,-93.80442
-93.28881,-14.703529
-116.79284,42.687958
4.6701503,35.109344
-25.394083,24.033829
-104.60674,94.619774
29.26583,58.20414
12.817167,-40.694702
-44.173256,-107.71569
64.46071,1.1414889
-48.99598,-108.876686
-98.987206,13.2276945
-42.64254,69.88
-94.20278,43.300274
53.324215,-77.22586
56.769543,-13.066817
1.7969741,-135.57077
53.341496,65.04458
88.02845,-102.87129
29.162775,-48.570267
76.19584,-120.60187
66.08431,3.1451838
33.196026,-1.7181145
-61.487747,-105.833755
-67.651855,58.83002
78.666145,10.364702
-106.65881,81.05071
108.896065,-42.552856
77.7191,-48.66147
-75.2539,70.60737
138.99973,36.51021
14.887967,-46.580643
-52.86956,85.47663
-89.52068,-5.65508
-66.59378,-114.91972
5.303876,-6.564424
-96.94062,5.995101
-59.143692,-61.61907
45.13226,137.28099
78.584656,108.89496
-68.54883,59.694324
-41.41667,-63.690548
40.755234,-35.721638
65.546936,5.3023343
-20.109821,17.887575
146.11035,-6.7405252
-49.828266,51.950092
54.770393,25.20011
79.58221,63.26568
-79.622314,-100.66613
-34.600956,139.29091
56.344624,117.147316
8.239413,-62.543266
13.697445,53.659176
66.397446,-6.0806212
80.86169,-74.198235
-15.195157,72.63425
39.718647,-84.02183
11.557007,101.66817
136.15498,38.10468
88.71502,-82.75997
35.044228,-50.42449
90.22218,23.119562
44.937904,19.988611
-78.69554,-54.286015
-50.132378,20.535057
24.325426,-103.35599
-45.656292,-54.195873
104.3101,-88.788666
45.956795,112.09583
-9.86937,65.73516
-1.2406423,-6.8908606
-123.66882,4.3691955
-41.641514,-38.629528
10.740907,119.447
55.51072,121.96189
40.82904,-36.186394
118.72963,-67.04145
83.67046,-56.130154
65.77169,60.642265
-39.934906,-116.13635
43.880028,-39.903065
-120.74778,-7.7790236
-58.99813,-97.93805
-121.22911,-51.155796
-89.84269,-29.70883
22.198864,-56.427853
23.626482,-46.45853
-130.2125,32.820686
-53.525158,39.416977
32.164948,-3.3422248
35.512207,-88.06776
54.8099,-116.95536
-2.980435,111.22578
-7.4223948,-105.01154
76.422714,111.15429
-62.499935,-94.63924
66.114815,108.66504
10.75775,125.157455
-96.52268,-2.745765
-4.921197,-124.63317
-40.433823,-44.912518
-84.80398,7.117143
54.338154,-130.6334
-26.13559,-84.8534
-53.31288,-54.63961
42.539047,114.96031
-10.846361,-53.472862
6.4598584,-31.834368
87.38352,-16.952208
64.96842,-110.60523
85.87102,72.59657
76.9195,-47.835808
-132.5188,-40.18615
61.203888,-48.02862
43.699104,110.33106
-71.307816,-41.17258
74.4807,-4.9419203
-96.14357,-22.483335
53.473175,126.93231
-107.01875,-29.442776
-18.049416,-43.655895
40.177067,-125.14619
-50.75866,83.963066
24.1138,61.123276
-94.70026,97.118744
11.556776,101.66781
-121.28255,-68.383736
59.713253,-122.3192
-124.26764,-39.643677
-50.67425,16.113745
50.069202,-115.82689
-57.263287,-111.64785
63.782955,5.250468
-75.94522,10.509156
5.8362417,127.40314
74.523705,33.591526
11.446919,102.56295
63.77053,-79.60693
-34.334946,-50.046318
58.017895,115.951996
66.073685,-10.942738
90.217804,-26.67047
-123.7507,0.42748204
-92.14216,27.739466
-4.454624,-132.02718
-8.648379,92.00903
-131.23682,-20.724371
57.601658,79.35609
24.157486,-7.5005946
-12.903157,-95.241684
110.62286,55.034058
-8.866585,81.313805
-122.494774,8.350928
-5.142722,129.80653
-65.85164,-113.88678
-95.60696,-0.26315317
87.74824,43.029816
-5.596758,132.8142
-16.3071,96.55918
55.263294,23.63507
133.85219,4.3727975
65.7666,6.460383
-13.710675,87.264175
12.507304,-71.69439
-42.583874,-60.475067
56.364185,58.743004
-121.21336,-7.675872
100.48941,-28.111256
-105.0243,28.578705
80.430046,62.40774
-95.473045,33.670086
0.14696005,24.920141
56.07021,123.37108
-13.138563,19.286873
-78.46794,58.587044
-0.4736282,26.717907
-95.10384,-1.9716741
-124.68226,39.450912
-73.54198,18.015606
-91.577255,-36.567593
-125.000465,-35.297356
0.092475735,-96.848145
-32.780018,142.19142
-76.4594,59.59582
84.44066,-109.32304
-34.164055,112.529785
147.3338,-6.1687584
57.845375,-117.14353
2.2274315,50.567852
74.18329,62.924305
-11.902771,91.24882
75.59605,3.7280354
-20.809565,-100.58856
119.071434,-67.04668
37.90966,-32.965588
-50.360332,32.606636
7.6138105,46.04932
-54.34618,-13.39959
145.91179,-9.115623
96.39312,30.705833
50.485348,114.2959
67.25814,-66.078835
34.275024,-58.41745
64.211624,-16.997793
-109.07423,-30.13965
-76.46353,-54.76707
127.6941,-2.3464527
-102.52369,46.70082
72.67283,-113.47629
27.096796,-100.194336
-62.302593,-111.529335
59.330067,-119.28781
-38.852467,142.00868
-44.21812,-62.76565
-117.23512,-67.990425
79.48746,22.288458
-15.034559,38.80179
-87.46354,85.03333
53.453377,-115.474365
-31.464441,64.669235
17.370928,-20.327326
-123.59545,-4.0264764
10.488991,31.802269
-20.327833,42.14706
-22.28264,63.56837
62.161324,35.771164
-45.178238,19.327177
-38.130028,109.00417
2.7247021,-73.3439
100.97366,7.0825343
94.659134,95.88127
-9.048473,35.095505
79.32555,6.019093
103.94992,-56.90702
-15.843625,-9.421525
33.16523,-54.516018
49.046875,-24.176853
-45.20869,75.44845
-49.911495,49.82574
-75.57402,-13.835582
90.69643,-66.67698
69.651146,58.230423
-107.504616,-50.755535
-20.507402,-57.822258
-11.549645,71.6662
25.023857,-9.148588
-124.67371,39.435883
-26.607323,-21.378002
-93.774345,34.952126
-34.163494,-80.93159
104.01606,-55.735603
-48.593,-106.35453
-34.02527,-120.4793
-93.59173,72.71015
110.19734,55.88721
21.291008,31.898155
-110.25845,-14.038885
-79.24402,-33.271294
-89.99828,70.538536
-39.232437,-115.51878
-42.41934,69.89188
-89.84369,-48.702503
-15.720345,77.93388
61.38981,-24.411764
9.909346,99.74528
82.43752,-117.506935
-56.30594,-51.44267
51.323467,45.192894
58.39543,-4.420408
26.366184,-34.66895
-33.83975,54.578632
55.53606,60.21778
74.74796,-109.99956
66.15622,111.18142
70.84303,55.49927
-37.93604,-67.725525
-120.44597,-75.86433
51.307495,57.577465
25.801847,-53.41674
73.599525,-121.51608
-16.90929,-84.408356
-111.571655,-6.7527294
49.992046,73.25437
-85.709145,-34.86076
137.90677,-4.598774
-15.586302,55.97054
-15.438694,-31.6491
17.955992,-18.27062
-21.611753,-58.81193
56.90904,-12.021309
-28.929232,96.624794
-130.99826,-23.572435
-56.676014,-6.8544765
12.338703,93.5898
-63.686745,-13.942011
-95.52487,-20.313892
70.19908,5.1988077
37.35083,-71.62189
22.751413,-56.203163
61.695335,-12.0823765
20.935534,-95.338524
-91.47787,93.62345
6.688141,-58.93449
-49.15232,50.39748
-42.08767,142.49364
5.2227755,43.774895
-51.215992,108.641754
-71.34339,-25.176939
-38.784035,-107.76207
70.62697,77.62163
-90.73962,59.303123
-46.84887,-9.325558
39.404964,-2.8020003
-59.12226,-111.91851
21.904663,71.33261
74.741554,32.788177
34.16274,61.848766
109.85338,43.943478
-18.618355,-81.99009
-114.98192,38.0325
-10.701756,-42.17052
-77.7178,10.235258
17.319403,-59.34941
-3.8252745,67.23213
68.37036,64.846794
109.907364,6.2733364
18.635584,-21.153177
118.19494,-65.75184
7.82855,-97.54335
-130.54364,-21.125275
-95.38655,-96.53638
96.221054,30.493979
-135.33261,-65.44566
-52.260136,110.337326
-16.848116,55.405518
-131.24188,-51.278816
-125.11619,-47.40622
-16.580294,85.66053
-56.823673,-91.25017
74.774025,9.102585
135.65715,-14.328644
-4.7929726,126.55593
-32.398586,-114.854195
91.05699,-117.094864
-5.1485953,-30.018393
50.067482,-115.82591
64.1927,1.3894674
100.63888,-98.67245
-14.188628,129.90776
53.19862,127.66015
34.539314,13.3116255
32.173035,36.93306
-43.32388,136.23955
-57.500816,40.08086
-112.88077,17.230951
14.067636,22.65295
110.26076,84.48196
79.14142,58.622536
109.999,81.06689
-50.77544,33.77375
-74.50842,-9.16053
-38.10733,141.262
78.72422,9.59268
-43.459568,101.11161
91.51312,1.0535799
49.38332,-19.90867
-16.423635,83.95381
-55.577454,2.6456892
-25.201397,-86.647964
-9.085307,130.70654
-117.00039,-21.266188
-12.771534,15.533075
-2.3038905,-6.582563
48.89424,123.07101
75.687454,-116.687126
109.583466,85.56155
-65.39893,118.56648
22.734852,-101.95926
-28.252312,2.6996343
-43.704403,-53.342518
107.92566,-42.359592
45.535275,44.060474
47.35438,125.77087
-29.742594,-39.91722
12.401817,54.949352
32.95331,4.057243
-125.05578,-69.19358
33.94615,-71.62414
-4.0804157,113.891594
-1.723082,40.555546
-52.047863,1.6172464
-52.76857,83.49467
-59.956135,24.117731
-34.670036,46.10864
70.116646,-123.28265
66.074326,-10.942722
138.21228,-7.364662
42.98709,10.269878
-84.6891,92.86937
4.0861554,131.18399
-33.77948,-2.5887182
-107.388374,-82.15566
76.48353,83.55206
52.633392,-13.901389
63.29009,9.053727
-76.08063,12.249017
-5.0895243,-132.70413
15.447244,92.04027
98.61793,-9.454547
68.038666,82.02198
-45.091576,74.66935
-8.156907,8.155579
-73.48752,16.025837
33.88959,61.480427
26.036455,-90.68092
-107.17118,-51.606384
-81.739044,-7.748958
-41.773193,70.691345
-34.720505,90.05836
63.58166,127.923805
-56.05741,-53.40941
-104.64394,90.47229
20.053522,-21.51685
13.245413,2.951392
49.546146,65.21324
-50.494385,51.110184
-69.8319,6.806138
61.014545,-22.074165
95.17262,96.15562
-46.28376,-94.02835
-79.07624,26.164185
-78.26463,24.617243
53.960503,51.204464
62.95956,119.08739
80.46775,58.464806
-61.187527,24.500483
33.99929,-54.043816
-57.934395,-6.652426
18.87422,-21.23685
34.216885,-6.1724825
44.188244,-35.473
-111.20914,-58.157776
-69.33575,59.278446
82.11413,-101.81003
36.869385,-32.112637
87.71967,40.87248
-37.16398,41.806637
60.22532,-117.49562
-47.418686,-9.784383
-47.501945,-61.203133
-124.123245,-16.004103
80.12,-50.050533
-4.3038754,-30.158043
65.22129,5.9601316
-94.134026,-35.320934
86.227005,71.69621
-87.488625,71.26138
88.72767,-44.551506
-65.65119,68.436485
79.070816,74.4277
69.41607,-52.365
-114.38628,11.709973
-116.70802,-68.00785
-36.178726,-66.842514
107.670296,-42.57786
73.79852,14.88638
-79.26675,27.586721
16.81547,-20.77169
59.865486,-13.699556
-123.80146,-65.665436
-79.92801,71.475105
-57.03817,-115.75675
-30.987755,3.4862282
-133.08153,-53.636127
72.91278,78.37629
-33.078823,-111.91977
66.76712,-16.619701
51.281548,108.906204
-15.191375,30.707825
10.912362,124.76546
-116.79382,42.7074
-65.91457,-86.16304
-111.07269,13.214709
-79.33523,-6.0616875
33.632355,-6.19796
22.460064,-104.68845
-78.58616,58.648697
-5.880038,-4.326384
28.669762,11.520827
61.287846,-25.146128
16.653017,-95.554245
132.9536,4.012881
19.820475,-99.22259
26.380287,-62.34375
122.19231,-25.103752
-95.44046,10.41185
-72.69817,-66.72957
3.3611195,71.970314
-91.31913,9.373001
86.98095,-122.05954
-102.40131,-26.533964
107.48174,-42.378025
-64.19115,-92.64397
38.207596,111.52295
-16.594711,-42.61351
-91.47261,-62.97903
3.165283,51.94736
5.385505,-58.766064
-32.66981,-119.563255
43.009125,-39.56244
-40.74115,-19.711674
-56.116997,50.227448
-109.65527,62.109562
-65.556854,8.892306
-102.546074,27.64049
21.833988,67.53747
78.36426,52.07127
-64.21137,-22.008606
23.255072,59.881104
-31.38474,4.588214
38.83577,-3.6908708
117.968796,-65.49509
7.6138263,10.424748
29.220934,-48.616997
11.738782,27.961582
-16.757217,55.135677
-94.0532,-95.73741
-23.530127,24.263216
-44.729427,-32.59268
-61.564976,68.16908
-34.811478,55.064796
25.204937,-8.5078125
-15.745308,38.355106
-1.951027,-66.67858
-84.189705,-30.734985
14.3519,40.69958
-15.787793,14.332334
87.72136,41.043304
-76.848465,45.21047
-5.513362,-123.58865
38.878757,129.7385
-80.99361,2.907381
71.19766,-0.17312525
10.2717,102.30646
22.999771,-70.55848
-59.35155,84.149536
59.999924,115.018974
3.2933366,-50.456272
26.26896,66.04758
85.88173,23.124784
-59.969376,64.78193
105.66904,-48.260963
-59.865562,22.510807
-73.498024,-10.199165
55.236755,118.0074
-94.779686,95.90697
-52.08725,109.5569
89.710205,10.778565
51.2816,108.90599
76.41416,77.60184
-41.684486,8.788571
-9.38818,-28.17992
-115.725426,-37.61546
-93.142365,42.917667
11.610346,-141.34232
-80.67713,-21.33303
70.08692,4.9323053
126.61907,-24.217392
-124.0947,-37.998386
21.45715,-96.460495
66.622734,81.021385
-81.243996,68.079445
69.9175,77.804
60.197124,-11.003141
107.50342,-4.1180296
-5.1382136,-123.99081
-111.41863,81.95157
-33.255215,-28.499712
86.606514,23.948402
-99.72222,29.01771
108.693016,-7.8676825
3.7010987,-132.06757
80.85976,-74.1988
130.36658,-19.72383
-28.21521,-100.79196
29.755281,93.830376
9.711598,124.60493
110.91026,43.60958
-8.821267,19.775587
21.884115,-88.43579
-17.750751,70.49095
-32.555847,21.999743
59.075115,-115.94418
135.92387,31.175684
-24.3701,23.182316
-15.229314,-11.842817
-8.728849,134.97188
61.208527,36.694267
14.486199,18.248686
35.52439,-16.671633
-71.777214,26.585608
26.693426,52.19963
37.99547,114.84177
-85.050766,-9.210777
-59.819668,122.202415
-50.5882,-55.91238
-3.630882,58.279243
34.843544,-56.497017
80.4544,-101.55834
114.435234,49.33632
-52.05267,1.6170506
-84.48554,34.062103
100.79059,2.4172685
-13.389892,53.72462
-103.82073,73.81631
-61.370186,-111.91846
76.50544,-117.47327
-100.48566,-31.38572
-71.834465,27.621058
-27.683044,-20.891937
-61.495842,-56.768475
-5.058355,6.2754374
27.41904,65.6497
-6.9075837,-21.27059
30.931664,0.85565704
2.6326973,13.370961
66.15583,111.18254
82.147995,-110.26501
-111.25505,-59.14843
-11.44682,44.168465
-52.4772,-108.43133
12.951514,-71.8691
-1.6764671,139.9025
65.97537,-117.17824
1.8080262,-138.6111
22.869202,-103.71363
76.88093,-67.53298
51.18986,113.16746
39.66325,42.04633
-19.287352,53.978508
11.065596,-140.87965
-21.853046,86.08406
37.503815,114.39377
-132.23956,-31.685577
-121.11672,-71.05041
11.4604,-59.270485
11.104219,-73.505714
-40.21796,12.451195
-8.278501,45.78976
-5.1631246,-130.98824
-20.34881,-53.498287
-82.289925,24.669117
-97.9212,48.15228
39.718517,-2.2429733
137.6626,-5.5216503
-69.289734,-44.252575
16.410295,93.11178
14.368497,-51.51301
-28.817245,-9.00365
-10.494442,-60.533707
-3.9152684,32.39724
-22.77673,63.302204
-16.82621,-85.04187
-94.211266,73.59403
-39.858204,132.08578
62.781586,-121.18773
147.06854,-7.853309
55.646313,-129.24811
-23.0161,41.63849
92.757965,-92.693
58.90612,70.19399
-39.74341,-20.627892
-72.94664,16.684628
44.255707,18.164293
-38.130226,109.003426
-64.17731,117.85208
-10.931357,-55.942707
87.93797,-99.41011
78.372925,-47.552906
54.32406,50.888767
-71.72009,-26.625746
-48.55729,74.78869
7.8758698,-138.78467
-1.1911669,39.406944
126.07344,-22.815748
16.410822,93.10832
-34.30441,6.272663
15.114339,94.22247
41.51213,122.32445
96.46315,-10.827005
20.54322,32.95447
-33.595448,22.349098
3.806813,-131.57895
-72.336334,26.887144
-97.14881,12.24328
-99.535805,-29.651405
66.3197,-133.4682
-18.77093,4.136565
68.27093,-117.58428
-107.33192,60.830883
-12.569363,-85.90091
64.21155,-16.997934
113.68677,50.60035
6.6942725,45.58492
77.93228,-1.7387975
4.8766947,-15.832333
-63.00065,-47.52194
67.46581,-5.3320975
-94.2001,27.413225
4.3173275,54.419678
71.39258,-39.73145
-57.711548,-92.01678
-6.0971246,-21.664896
-21.520292,-79.81571
85.75294,-0.9613268
76.97148,-20.835436
-19.612396,15.660401
-43.41412,-55.74298
-10.809482,-55.88206
75.3947,-4.4501996
-97.3782,62.579124
-31.157745,56.188004
-28.926258,40.887672
-13.223807,85.328224
7.258245,46.732056
12.893043,54.45309
-71.76038,-28.271374
-49.557518,84.47019
-14.038317,76.07575
-56.15239,-6.932867
12.787371,-41.75893
-67.00327,-46.328156
-55.72703,-66.50611
-93.22641,-20.664312
-51.077095,-44.88753
-66.908875,-112.97589
-61.997356,-111.053894
16.31962,7.7619786
-44.92897,-94.35132
-52.901882,-99.45768
25.31821,-8.712931
-35.17581,-120.286964
-53.172268,-96.26788
-45.505466,-106.765205
-71.79876,-67.6017
-63.20971,-82.03309
17.20589,-21.198109
-43.765533,103.1991
-72.176056,16.269268
3.2946384,-7.94238
139.28131,36.75181
88.4938,-17.904919
31.425608,38.15015
5.2669845,-97.96466
66.17443,-133.38608
50.266373,-117.38118
-108.375984,-38.500584
-104.66045,-28.115799
-132.67233,-33.393517
-39.71148,-20.693016
-112.10791,-59.948185
10.512656,-1.0490783
-108.03845,-35.747753
-106.03275,-28.932083
-44.872574,-32.52453
-28.771187,-39.005737
-33.97401,-14.457737
-53.176025,0.9001056
-123.23728,5.4495044
-24.60786,-21.998299
-82.02338,-96.55663
-11.81276,-41.569843
-83.609856,16.764162
-8.976881,-30.646355
-75.31041,-33.85248
-0.32283896,-95.98449
-35.844913,-68.66604
-26.540293,-84.29024
-77.89967,-31.980059
-80.71614,-89.66836
-16.370594,-42.404335
-42.162807,-59.439636
-4.8774433,-91.122604
-89.79559,-65.23765
-42.885612,137.65865
-83.2902,-38.645344
-83.40208,-39.510124
-84.757866,13.812774
-87.182365,-79.704254
-14.531349,-31.67699
-9.459811,-28.90407
-43.556423,141.27725
-40.225468,139.47777
-22.690506,-81.10967
-32.9883,145.09254
-32.782158,142.19017
68.38943,-67.94428
69.54728,-51.84322
72.39972,-52.534504
88.93294,-102.2718
83.00974,-65.601074
-50.34716,-15.347198
91.35521,-95.166855
-51.968395,10.123209
90.531334,-53.18487
-111.85779,-13.685447
84.38191,-47.0129
98.81474,42.393566
2.209802,-81.50563
12.75105,-59.708164
44.83092,-63.25409
10.083829,-75.05259
43.22359,-50.467846
8.594318,-79.065254
-12.557952,44.39536
43.04361,-66.023445
11.694803,-70.00811
11.262354,-63.78977
28.859179,-33.805035
33.461212,-33.48919
19.831942,-50.711353
91.61246,-26.43209
-69.96288,-8.282005
10.803887,-74.08567
3.3790698,-70.268425
-3.0096893,-50.343918
-0.30607304,-56.178032
22.641941,-52.189697
11.855193,-75.008705
34.42491,-58.91562
101.67768,-26.085384
34.049664,-72.35091
-125.8176,45.565514
22.096941,-70.92958
25.248606,-53.839188
39.748024,-51.645943
-3.4155605,-62.279484
106.43782,-12.4716
97.09624,18.980978
95.55844,15.049399
25.478876,-99.51633
105.864204,7.793166
133.8065,1.2665604
113.525604,6.3647313
111.15333,7.948555
108.443924,21.737022
44.396782,39.614185
102.3781,2.7933366
105.718445,22.064219
110.27112,6.751622
-28.120102,-10.585668
-77.127556,-18.377327
-57.457966,40.04824
54.44246,25.236341
11.584803,-141.37204
-8.079757,-20.368256
-36.822803,32.16475
-51.162434,53.1154
-48.194546,54.543148
-32.293087,112.99066
-26.523306,-12.944511
-59.11066,123.03387
-41.6475,124.666916
-86.343285,-4.8780894
-67.14676,0.8134842
33.77186,69.40409
37.27772,69.75707
23.821674,68.03461
21.19042,71.685875
-0.37728,57.600243
33.899063,21.69105
-54.05098,-20.658089
-57.400734,-23.341087
-117.33074,-20.764708
-62.092342,-32.906517
-131.46046,-53.985977
-133.06294,-3.811667
-137.11761,-41.429443
-15.693695,-10.998182
-101.459435,-33.41825
-124.88693,-48.49456
-122.39246,-45.951973
-89.17037,-30.957466
-127.80186,-56.614548
-118.86543,-58.874268
-129.41522,-46.180058
-116.33015,-43.112053
63.287563,-72.07345
61.51093,37.10514
-149.77808,-30.09683
-70.07701,-1.7402142
65.62416,123.19708
63.573082,118.20803
46.345028,111.104836
105.801765,84.03216
43.847992,109.512085
111.37071,82.5905
40.294975,122.09784
-107.650986,12.102734
-121.51509,8.234321
37.364876,12.728125
-104.399826,8.796552
-116.79414,16.01698
53.921253,59.463654
61.34081,74.66962
58.560097,76.58043
8.479788,25.703203
59.138107,64.76426
78.6479,73.47632
8.141727,23.97495
71.32332,80.92778
45.8608,59.43996
-72.80446,72.58185
-80.05681,68.88341
21.032846,32.26144
52.276527,44.710644
-75.38746,73.46934
-60.977283,66.86325
-126.94632,-26.745094
-79.536865,66.06887
-93.92414,49.119137
-46.02921,0.15822776
-74.60628,71.23271
-92.04663,91.94701
-90.50351,74.37573
-6.264163,-5.3996277
-8.610706,-4.8454094
-94.66306,95.9252
-103.30524,66.270935
-125.96674,7.1851935
-93.77139,67.98961
-104.39442,64.23704
-101.306206,62.882816
-94.395096,94.15768
-97.24025,66.629036
-90.16451,98.58205
-100.24445,68.28887
-105.20302,95.27888
7.4885573,126.31132
-1.7450762,127.32157
-9.675909,134.52734
-49.667583,109.287056
0.6900438,137.74217
1.7080181,26.537907
-47.348866,109.48614
-15.2196665,37.96253
-12.844251,130.45525
-38.77231,108.73403
-34.969204,106.79715
-78.621376,-21.320902
-74.673065,-2.5306165
-89.71053,-3.2199814
-59.00982,-30.420296
-84.159966,-1.619167
-124.25551,28.853207
-36.529613,-16.024334
-112.448235,-27.435677
-19.477612,-20.189867
-20.992044,-18.516388
-63.230484,-14.926931
-112.118835,-22.735048
-85.89113,0.5562866
-70.695755,-12.682305
-123.77774,1.8517627
-34.70661,-50.850517
-41.12483,-39.0636
-39.9531,-44.895847
-113.1757,-25.777288
-30.968887,-18.60572
-26.882004,-21.59079
-4.0017605,75.30362
113.2189,48.656776
-9.402977,64.413536
3.2122862,70.53144
3.548413,68.76958
-8.2910595,74.56484
-7.358271,64.975296
76.07451,33.50445
-11.197999,90.76481
-0.9237445,47.143555
3.9525304,53.58296
33.927727,23.041708
51.30595,45.34777
-46.010105,77.243965
-20.54287,90.31983
-21.45258,86.22568
-7.3880906,71.00724
96.69687,47.820305
-3.825846,67.228935
-8.750093,65.08309
4.144545,61.77735
-10.835364,85.04404
-11.982313,70.96545
-15.2601185,71.249275
45.498814,43.00047
-41.69314,73.85482
-0.6992084,78.68602
43.66934,41.250114
95.3965,48.185574
-15.295156,93.26643
-113.23353,28.980352
-8.918019,86.23752
-3.2174323,64.424095
-23.051529,41.607353
-4.587699,71.725624
67.61675,23.637318
-41.29046,71.5584
-10.067862,91.54883
-105.80862,68.27081
-47.556953,-106.215866
-87.42592,-25.418003
-109.54415,68.30795
-112.07047,-6.441726
-66.26812,-104.66398
-31.17012,-107.36227
-66.70368,-43.4287
-106.66008,71.459435
-46.83346,-119.16865
-98.349724,-2.1995146
-94.05114,-96.6712
-108.34987,69.72908
-66.432785,-67.00772
-96.92262,62.942516
-76.89932,-38.880703
-61.56215,-56.288277
-36.504436,-121.59081
-66.1682,-61.347805
-89.06893,-49.58788
-45.678112,-109.901344
-86.2557,-50.402866
-52.476727,-108.388466
-94.125374,-24.253897
-54.29947,-102.695145
-56.160416,-56.026066
-88.0013,77.292206
-65.07488,-64.05162
-100.51008,66.24578
-63.838642,-96.59212
-100.81196,77.96153
27.63955,-3.9732203
28.868464,-0.6864439
30.777502,0.15737374
-92.64847,-36.08128
-99.59532,92.75348
-39.2582,-108.53688
-42.89373,-108.93291
-65.44097,-106.53702
-41.504787,-118.4794
-67.182236,-54.174706
24.390911,1.8084267
-85.72154,-47.867638
-75.873604,-54.93418
-104.65836,90.49426
-47.362373,-112.97881
-96.29298,-97.688065
-55.71469,-110.59629
-84.13287,-26.0625
-87.86331,-18.7474
-22.379484,-69.297134
-33.516254,-112.91704
-114.70619,24.372574
-47.896378,-109.331055
-39.672436,-114.853134
-69.166595,-70.3078
28.764292,-87.6699
11.516742,-99.37445
-59.52084,11.674265
29.667366,-86.52822
32.074177,-87.837494
48.979637,-99.04761
-62.27848,-6.77899
24.21334,-104.079926
26.300367,-89.802635
26.835993,-100.23041
23.169777,-102.79636
7.596797,-97.60846
21.126074,-99.35539
30.60802,-93.67177
-6.5622325,80.66405
20.819296,-95.93401
25.199179,-95.07373
92.98593,-97.52199
93.81235,-103.278145
98.9855,-107.17684
91.69697,-115.94391
90.32299,-111.108025
101.50066,-97.90862
89.62036,-91.001656
102.145386,-106.22449
89.870415,-108.408615
95.72628,-106.31259
95.597046,-102.891594
98.00788,-103.78582
92.849335,-104.96621
91.24285,-103.56428
90.60709,-106.07507
92.9708,-107.38998
88.96465,-100.07435
90.6664,-97.45048
99.91926,-1.7692223
94.91313,-104.20452
106.78971,-88.983215
102.73485,-60.358868
96.571976,-100.63351
91.98344,-101.54243
107.53533,-89.2801
104.824066,-96.13873
95.809616,-94.43726
95.6556,-98.087425
88.87292,-90.22376
-81.228195,-97.37234
22.12979,45.830322
-28.208761,10.250845
21.538294,-89.363976
-15.056511,-25.641045
-75.46297,-45.99741
-16.39109,-28.444685
-37.40417,-77.8889
-37.804527,-0.99974877
-45.907055,-61.898026
-120.37682,23.164072
-18.507523,-83.48338
-122.32886,-6.397116
-27.067406,9.612206
-39.362198,142.29764
-26.126759,-86.42788
-94.62422,-108.73674
-17.309286,-86.358604
-88.57605,-66.53808
-35.138023,-80.29513
-65.93954,-4.6259356
-47.73919,-24.18995
-12.503992,-86.85111
-92.816315,-58.900894
-82.77888,-84.372696
-10.2232275,-39.89036
-87.35187,15.965439
-43.105675,-63.965508
-43.41394,-55.742695
-123.95,-1.131973
-0.17210498,-68.19222
43.714832,-48.27241
32.011845,-68.176765
-4.162137,-57.733818
2.059123,-37.382626
37.499584,-70.14319
42.494923,-52.502674
40.727535,-57.411785
46.44896,-61.89633
36.8714,-32.11416
40.27363,-62.44881
19.312155,-54.3626
26.347332,-34.94725
17.255262,-59.427547
-125.19733,16.071169
4.5915427,-72.85836
3.4988515,-48.38497
39.351112,-35.149963
10.550987,-54.242573
41.090034,-50.79642
25.9158,-63.08481
14.711492,-45.278324
32.550194,-32.112503
44.255314,-35.49095
34.24299,-31.197163
-9.875236,-64.87899
21.593838,-38.84864
-91.101036,3.8145437
23.257185,-56.466587
-117.97491,40.13689
23.482143,-46.996456
-0.97396654,-72.27951
3.1744223,-62.542606
16.554913,-52.34402
5.1211934,-68.56865
43.93716,-89.5668
8.254517,-63.048054
-2.5753155,-48.767044
-1.5710534,-43.99051
-7.0994835,-62.933678
-90.76678,5.276082
37.20036,-69.04691
100.90006,-26.255348
41.599537,-52.310177
34.759785,-66.2358
39.069492,-49.47528
39.07613,-69.204475
-116.50316,37.288166
-22.920925,-102.73874
-3.26942,-75.699745
-4.2929816,-66.68214
45.54207,-39.653313
-114.03977,42.51104
1.6496985,-74.79125
2.724973,-73.34358
109.52085,0.14828509
98.614746,22.238567
106.4466,1.9704919
112.72731,1.6519724
118.790146,7.326999
127.309,-2.0492544
114.77588,7.6394005
97.06347,6.3062205
91.189835,2.3089573
113.09854,9.76646
111.33957,-2.4597933
110.8167,-0.2210897
91.722206,25.440153
95.45842,24.869383
91.957375,12.37367
-5.817599,36.28321
-70.96893,29.43601
114.40859,-0.8693829
128.80882,1.7612896
-133.92987,14.205101
132.97137,4.6447296
126.53716,3.3181999
121.948296,6.0263214
108.343155,28.974163
99.4084,32.08376
101.43711,7.9287834
99.53719,-8.832045
108.84342,23.2486
108.374084,1.4569774
107.06205,3.865005
95.42369,29.533522
104.00539,22.580904
99.30299,19.888872
96.10554,25.131353
110.57317,1.7058033
110.70806,12.927209
8.413464,-20.619562
109.23681,14.364872
110.46584,17.951265
110.03335,17.224451
-36.527775,17.927958
132.39185,4.293929
132.34267,-18.083418
128.19173,-1.6575025
121.28738,5.2304482
133.2228,1.3590765
3.2910967,-16.338688
108.63288,-7.1167364
100.705826,17.342749
121.15371,10.3893585
0.21248552,39.15385
37.730957,-124.31691
-72.19621,-8.671328
107.46983,-3.6588938
-1.8526098,-127.85529
-77.73265,43.18588
-78.66336,11.293311
4.177203,9.08364
-95.91487,19.541952
-84.44275,34.729218
-94.24136,43.767696
-65.05343,38.192776
-106.46078,30.291557
-61.884586,38.02184
-62.26433,37.084904
-96.429,32.36901
68.663925,20.452301
-29.872295,68.75951
-55.56947,50.497997
-21.93107,-7.727403
-62.52734,35.278446
-39.988174,25.302856
-28.445784,-14.748696
11.650497,-141.27539
-7.816238,-21.374895
4.7700496,-141.90129
-55.286453,40.022503
-83.305855,23.494799
-17.954645,45.816437
-125.214355,39.8565
-63.39633,116.092514
-132.04666,32.900143
-93.40725,26.072708
-60.14844,36.19213
-59.919537,85.00681
-2.7272325,-133.84787
8.533314,-142.58742
-91.45065,7.7500896
94.21206,-55.71673
-13.893265,15.483076
53.689575,-77.468636
-6.1648054,13.541181
-138.87091,-2.4355862
66.381935,-61.661568
-50.29486,-74.83541
60.93652,-48.300327
71.59617,-79.750565
78.787994,-61.7629
-13.957246,18.84939
77.18742,-69.57946
0.34417742,13.100509
44.545525,18.095781
-0.06434116,-20.372938
-29.794909,81.316574
93.526474,-55.314392
94.346725,-101.60742
116.464134,-70.184326
81.671844,-76.87516
70.725365,-68.12552
-126.240654,22.230309
96.47401,-60.403397
76.91785,-47.833744
88.393616,-82.578575
17.062883,43.672504
86.78518,-51.821686
87.11597,-46.90221
16.726793,43.954273
-4.6287184,6.437376
-7.742932,8.171534
-7.9641094,10.921459
-97.539764,-75.76861
85.69867,-55.588867
15.8383875,44.357845
92.63441,-51.318634
-28.538477,79.906006
104.58919,-56.406624
106.420715,-46.69015
2.7894604,-25.306213
107.6776,-44.462234
109.04887,-43.091957
-15.116707,12.820423
-6.759421,17.496254
-9.741617,15.167358
15.728921,42.68555
79.622986,-69.80641
72.38805,-57.863895
119.51984,-67.66767
81.41827,-80.26794
90.565506,-65.769325
79.78224,-50.98899
79.50015,-101.89821
71.044304,-39.42152
-132.09338,-24.904692
-57.844112,24.701986
-42.37579,8.970791
34.34103,58.545467
22.363295,62.141163
-77.179436,37.669437
28.903172,65.302185
30.403088,61.352127
-78.54199,37.410603
27.59948,51.95282
30.38973,57.934414
-33.384586,89.36159
20.104904,66.90309
-15.713781,29.493223
-128.46559,-42.30256
-122.59709,-50.69097
-106.72462,-52.800564
-122.40239,-56.39571
-22.736666,51.58596
-13.252728,58.20846
-120.59695,-79.035866
88.01303,-57.925373
-2.586509,35.083546
-120.60245,-62.00279
-123.678444,-39.96304
-132.8276,-50.53002
-122.70867,-77.93123
-62.102135,96.309525
-149.51903,-28.670626
-117.717186,-68.00069
-127.587265,-49.087254
27.698505,11.079419
-122.29474,-70.70328
-121.82932,-68.42869
64.36102,-78.640724
-18.123672,3.8027012
-79.54557,-100.60592
25.988993,88.45615
-77.83497,-98.86367
26.680082,87.4306
23.705494,89.763084
12.532528,115.39596
47.50439,131.66878
49.915188,123.608864
40.196777,129.49776
74.45686,114.20942
45.272465,135.18195
55.218052,121.38836
92.70981,99.440254
52.284622,115.579636
105.80119,84.03141
96.2424,94.541695
46.19356,117.05492
54.326458,117.3733
58.53228,115.69178
115.45775,79.74397
46.21529,133.48886
37.78469,111.35322
39.501366,116.085045
53.48813,126.89488
42.861557,114.74828
47.995304,132.61893
110.31826,84.41633
96.25366,96.76901
62.224033,125.69897
68.30158,109.99791
66.426445,118.07743
76.5523,111.631546
78.19386,109.52221
49.798622,118.76671
46.40456,120.18461
63.40953,127.32893
50.327408,115.061104
-102.582184,10.625964
40.46508,11.48827
-35.35399,69.61529
42.55707,10.470138
-115.245094,14.1086235
-113.28068,17.17902
-103.61543,11.038844
-105.44647,15.924026
-114.85631,11.104989
56.75521,76.40295
-102.98944,74.7589
13.765701,23.097897
76.356834,83.360146
-103.979225,70.58471
11.824316,31.208681
-106.48888,64.78665
73.21085,55.154297
72.045006,56.05077
-104.475784,83.28862
-6.263949,-5.3990426
54.789974,67.60904
84.1908,72.15604
54.422867,53.15074
69.56847,63.565422
78.65943,62.721992
73.01554,62.65212
87.72209,41.43063
78.35508,52.08426
136.85245,31.368456
12.025743,27.905489
59.813766,71.09782
140.31203,38.042755
79.140594,57.892597
32.33572,3.9778264
75.25914,77.500626
51.918373,65.58813
-107.68995,26.894415
73.132,77.77071
-52.353695,-23.164713
-91.18944,78.34231
55.709213,60.00645
-96.20128,76.36944
71.07855,57.42596
74.49501,82.57053
65.093216,65.02169
-98.87542,74.119705
75.70422,56.524002
48.692604,73.71212
-86.50971,89.2194
71.32228,80.92785
83.94098,61.569794
-44.992374,-8.499933
-100.741714,50.25923
-69.34038,69.32375
-74.12547,83.61101
8.534863,98.352455
11.3603,96.08514
-98.28408,51.007328
20.542938,32.95445
40.240673,24.110533
-59.84669,64.28314
26.357178,23.461435
39.534935,21.084433
-83.225716,65.757515
-77.62175,58.459545
-29.306728,4.209986
-66.32685,68.26869
-67.57646,60.044792
-28.52538,-101.47062
110.68485,43.363647
111.05301,54.136723
-4.319747,131.6004
9.069693,123.65166
-1.9827336,113.921776
-5.20387,134.64476
-59.566166,4.541769
79.982925,-30.722704
-107.949585,-23.015947
-2.9237628,111.801544
-49.348198,110.620544
-32.14894,-28.555576
79.00463,-35.88306
-84.68284,92.85054
-7.6978974,130.98538
-2.167216,136.84718
10.695359,119.545364
-8.111209,125.669495
-15.123107,43.457623
-114.00697,-17.471989
-19.592857,43.079334
